filename,file_size,file_attributes,region_count,region_id,region_shape_attributes,region_attributes
2018-06-22_MEA_47.5_S.commune_#1.jpg,4389210,"{}",3,0,"{""name"":""circle"",""cx"":2253,""cy"":890,""r"":162}","{}"
2018-06-22_MEA_47.5_S.commune_#1.jpg,4389210,"{}",3,1,"{""name"":""circle"",""cx"":1747.""cy"":1794,""r"":50}","{}"
2018-06-22_MEA_47.5_S.commune_#1.jpg,4389210,"{}",3,2,"{""name"":""circle"",""cx"":2788,""cy"":1711,""r"":52}","{}"
2018-06-22_MEA_47.5_S.commune_#2.jpg,4689955,"{}",3,0,"{""name"":""circle"",""cx"":1784,""cy"":827,""r"":66}","{}"
2018-06-22_MEA_47.5_S.commune_#2.jpg,4689955,"{}",3,1,"{""name"":""circle"",""cx"":2654,""cy"":1393,""r"":105}","{}"
2018-06-22_MEA_47.5_S.commune_#2.jpg,4689955,"{}",3,2,"{""name"":""circle"",""cx"":1965,""cy"":1804,""r"":49}","{}"
2018-06-22_MEA_47.5_S.commune.DSC3_#1.jpg,4413597,"{}",3,0,"{""name"":""circle"",""cx"":1831,""cy"":874,""r"":38}","{}"
2018-06-22_MEA_47.5_S.commune.DSC3_#1.jpg,4413597,"{}",3,1,"{""name"":""circle"",""cx"":1744,""cy"":1831,""r"":39}","{}"
2018-06-22_MEA_47.5_S.commune.DSC3_#1.jpg,4413597,"{}",3,2,"{""name"":""circle"",""cx"":2752.""cy"":1259,""r"":44}","{}"
2018-06-22_MEA_47.5_S.commune.DSC3_#2.jpg,4458682,"{}",3,0,"{""name"":""circle"",""cx"":1523,""cy"":1222,""r"":46}","{}"
2018-06-22_MEA_47.5_S.commune.DSC3_#2.jpg,4458682,"{}",3,1,"{""name"":""circle"",""cx"":2577,""cy"":1068,""r"":45}","{}"
2018-06-22_MEA_47.5_S.commune.DSC3_#2.jpg,4458682,"{}",3,2,"{""name"":""circle"",""cx"":2152.""cy"":2172,""r"":36}","{}"
2018-06-22_MEA_50_S.commune_#1.jpg,4406924,"{}",3,0,"{""name"":""circle"",""cx"":1962,""cy"":1670,""r"":74}","{}"
2018-06-22_MEA_50_S.commune_#1.jpg,4406924,"{}",3,1,"{""name"":""circle"",""cx"":2835,""cy"":1553,""r"":180}","{}"
2018-06-22_MEA_50_S.commune_#1.jpg,4406924,"{}",3,2,"{""name"":""circle"",""cx"":2209,""cy"":710,""r"":66}","{}"
2018-06-22_MEA_50_S.commune_#2.jpg,4439896,"{}",3,0,"{""name"":""circle"",""cx"":2296,""cy"":757,""r"":58}","{}"
2018-06-22_MEA_50_S.commune_#2.jpg,4439896,"{}",3,1,"{""name"":""circle"",""cx"":1734,""cy"":1493,""r"":69}","{}"
2018-06-22_MEA_50_S.commune_#2.jpg,4439896,"{}",3,2,"{""name"":""circle"",""cx"":2762,""cy"":1664,""r"":76}","{}"
2018-06-22_MEA_50_S.commune.DSC3_#1.jpg,4494464,"{}",3,0,"{""name"":""circle"",""cx"":1526,""cy"":1118,""r"":34}","{}"
2018-06-22_MEA_50_S.commune.DSC3_#1.jpg,4494464,"{}",3,1,"{""name"":""circle"",""cx"":2500,""cy"":1008,""r"":47}","{}"
2018-06-22_MEA_50_S.commune.DSC3_#1.jpg,4494464,"{}",3,2,"{""name"":""circle"",""cx"":2069,""cy"":2099,""r"":55}","{}"
2018-06-22_MEA_50_S.commune.DSC3_#2.jpg,4389873,"{}",3,0,"{""name"":""circle"",""cx"":1573,""cy"":1848,""r"":33}","{}"
2018-06-22_MEA_50_S.commune.DSC3_#2.jpg,4389873,"{}",3,1,"{""name"":""circle"",""cx"":2517,""cy"":1727,""r"":46}","{}"
2018-06-22_MEA_50_S.commune.DSC3_#2.jpg,4389873,"{}",3,2,"{""name"":""circle"",""cx"":1905,""cy"":877,""r"":26}","{}"
2018-06-22_MEA_52.5_S.commune_#1.jpg,4515405,"{}",3,0,"{""name"":""circle"",""cx"":1664,""cy"":1711,""r"":156}","{}"
2018-06-22_MEA_52.5_S.commune_#1.jpg,4515405,"{}",3,1,"{""name"":""circle"",""cx"":2259,""cy"":941,""r"":58}","{}"
2018-06-22_MEA_52.5_S.commune_#1.jpg,4515405,"{}",3,2,"{""name"":""circle"",""cx"":2681,""cy"":1965,""r"":60}","{}"
2018-06-22_MEA_52.5_S.commune_#2.jpg,4522108,"{}",3,0,"{""name"":""circle"",""cx"":1650,""cy"":1192,""r"":60}","{}"
2018-06-22_MEA_52.5_S.commune_#2.jpg,4522108,"{}",3,1,"{""name"":""circle"",""cx"":2785,""cy"":1292,""r"":45}","{}"
2018-06-22_MEA_52.5_S.commune_#2.jpg,4522108,"{}",3,2,"{""name"":""circle"",""cx"":1995,""cy"":2166,""r"":41}","{}"
2018-06-22_MEA_52.5_S.commune.DSC3_#1.jpg,4634510,"{}",3,0,"{""name"":""circle"",""cx"":1854,""cy"":807,""r"":36}","{}"
2018-06-22_MEA_52.5_S.commune.DSC3_#1.jpg,4634510,"{}",3,1,"{""name"":""circle"",""cx"":1546,""cy"":1737,""r"":45}","{}"
2018-06-22_MEA_52.5_S.commune.DSC3_#1.jpg,4634510,"{}",3,2,"{""name"":""circle"",""cx"":2705,""cy"":1597,""r"":69}","{}"
2018-06-22_MEA_52.5_S.commune.DSC3_#2.jpg,4518260,"{}",3,0,"{""name"":""circle"",""cx"":2604,""cy"":1118,""r"":106}","{}"
2018-06-22_MEA_52.5_S.commune.DSC3_#2.jpg,4518260,"{}",3,1,"{""name"":""circle"",""cx"":2249,""cy"":2015,""r"":40}","{}"
2018-06-22_MEA_52.5_S.commune.DSC3_#2.jpg,4518260,"{}",3,2,"{""name"":""circle"",""cx"":1526,""cy"":1185,""r"":42}","{}"
2018-06-22_PDA_19.5_Nc_#1.jpg,4408518,"{}",3,0,"{""name"":""circle"",""cx"":2259,""cy"":1075,""r"":59}","{}"
2018-06-22_PDA_19.5_Nc_#1.jpg,4408518,"{}",3,1,"{""name"":""circle"",""cx"":2654,""cy"":1617,""r"":82}","{}"
2018-06-22_PDA_19.5_Nc_#1.jpg,4408518,"{}",3,2,"{""name"":""circle"",""cx"":1975,""cy"":1898,""r"":50}","{}"
2018-06-22_PDA_19.5_Nc_#2.jpg,4382360,"{}",3,0,"{""name"":""circle"",""cx"":2440,""cy"":984,""r"":69}","{}"
2018-06-22_PDA_19.5_Nc_#2.jpg,4382360,"{}",3,1,"{""name"":""circle"",""cx"":2685,""cy"":1563,""r"":55}","{}"
2018-06-22_PDA_19.5_Nc_#2.jpg,4382360,"{}",3,2,"{""name"":""circle"",""cx"":2079,""cy"":1851,""r"":51}","{}"
2018-06-22_PDA_19.5_P.ostreatus_#1.jpg,4548525,"{}",8,0,"{""name"":""circle"",""cx"":2223,""cy"":499,""r"":93}","{}"
2018-06-22_PDA_19.5_P.ostreatus_#1.jpg,4548525,"{}",8,1,"{""name"":""circle"",""cx"":2407,""cy"":941,""r"":86}","{}"
2018-06-22_PDA_19.5_P.ostreatus_#1.jpg,4548525,"{}",8,2,"{""name"":""circle"",""cx"":2551,""cy"":1295,""r"":111}","{}"
2018-06-22_PDA_19.5_P.ostreatus_#1.jpg,4548525,"{}",8,3,"{""name"":""circle"",""cx"":2701,""cy"":1721,""r"":71}","{}"
2018-06-22_PDA_19.5_P.ostreatus_#1.jpg,4548525,"{}",8,4,"{""name"":""circle"",""cx"":2032,""cy"":1931,""r"":70}","{}"
2018-06-22_PDA_19.5_P.ostreatus_#1.jpg,4548525,"{}",8,5,"{""name"":""circle"",""cx"":1861,""cy"":1654,""r"":84}","{}"
2018-06-22_PDA_19.5_P.ostreatus_#1.jpg,4548525,"{}",8,6,"{""name"":""circle"",""cx"":1674,""cy"":1302,""r"":68}","{}"
2018-06-22_PDA_19.5_P.ostreatus_#1.jpg,4548525,"{}",8,7,"{""name"":""circle"",""cx"":1563,""cy"":1001,""r"":82}","{}"
2018-06-22_PDA_19.5_P.ostreatus_#2.jpg,4486333,"{}",8,0,"{""name"":""circle"",""cx"":2775,""cy"":884,""r"":96}","{}"
2018-06-22_PDA_19.5_P.ostreatus_#2.jpg,4486333,"{}",8,1,"{""name"":""circle"",""cx"":2357,""cy"":937,""r"":76}","{}"
2018-06-22_PDA_19.5_P.ostreatus_#2.jpg,4486333,"{}",8,2,"{""name"":""circle"",""cx"":1992,""cy"":1018,""r"":78}","{}"
2018-06-22_PDA_19.5_P.ostreatus_#2.jpg,4486333,"{}",8,3,"{""name"":""circle"",""cx"":1580,""cy"":1208,""r"":98}","{}"
2018-06-22_PDA_19.5_P.ostreatus_#2.jpg,4486333,"{}",8,4,"{""name"":""circle"",""cx"":2005,""cy"":1731,""r"":98}","{}"
2018-06-22_PDA_19.5_P.ostreatus_#2.jpg,4486333,"{}",8,5,"{""name"":""circle"",""cx"":1610,""cy"":1838,""r"":126}","{}"
2018-06-22_PDA_19.5_P.ostreatus_#2.jpg,4486333,"{}",8,6,"{""name"":""circle"",""cx"":2376,""cy"":1637,""r"":95}","{}"
2018-06-22_PDA_19.5_P.ostreatus_#2.jpg,4486333,"{}",8,7,"{""name"":""circle"",""cx"":2778,""cy"":1546,""r"":99}","{}"
2018-06-22_PDA_19.5_S.commune_#1.jpg,4139802,"{}",3,0,"{""name"":""circle"",""cx"":1834,""cy"":1001,""r"":71}","{}"
2018-06-22_PDA_19.5_S.commune_#1.jpg,4139802,"{}",3,1,"{""name"":""circle"",""cx"":2002,""cy"":1898,""r"":163}","{}"
2018-06-22_PDA_19.5_S.commune_#1.jpg,4139802,"{}",3,2,"{""name"":""circle"",""cx"":2651,""cy"":1553,""r"":55}","{}"
2018-06-22_PDA_19.5_S.commune_#2.jpg,4200109,"{}",3,0,"{""name"":""circle"",""cx"":2725,""cy"":994,""r"":154}","{}"
2018-06-22_PDA_19.5_S.commune_#2.jpg,4200109,"{}",3,1,"{""name"":""circle"",""cx"":2829,""cy"":1650,""r"":139}","{}"
2018-06-22_PDA_19.5_S.commune_#2.jpg,4200109,"{}",3,2,"{""name"":""circle"",""cx"":2193,""cy"":910,""r"":57}","{}"
2018-06-22_PDA_39_S.commune_#1.jpg,4290217,"{}",3,0,"{""name"":""circle"",""cx"":2176,""cy"":840,""r"":198}","{}"
2018-06-22_PDA_39_S.commune_#1.jpg,4290217,"{}",3,1,"{""name"":""circle"",""cx"":1798,""cy"":1680,""r"":107}","{}"
2018-06-22_PDA_39_S.commune_#1.jpg,4290217,"{}",3,2,"{""name"":""circle"",""cx"":2862,""cy"":1593,""r"":91}","{}"
2018-06-22_PDA_39_S.commune_#2.jpg,4064358,"{}",3,0,"{""name"":""circle"",""cx"":1928,""cy"":864,""r"":144}","{}"
2018-06-22_PDA_39_S.commune_#2.jpg,4064358,"{}",3,1,"{""name"":""circle"",""cx"":2236,""cy"":2018,""r"":161}","{}"
2018-06-22_PDA_39_S.commune_#2.jpg,4064358,"{}",3,2,"{""name"":""circle"",""cx"":2915,""cy"":1118,""r"":97}","{}"
2018-06-22_PDA_39_S.commune.DSC3_#1.jpg,4303185,"{}",3,0,"{""name"":""circle"",""cx"":1761,""cy"":1828,""r"":47}","{}"
2018-06-22_PDA_39_S.commune.DSC3_#1.jpg,4303185,"{}",3,1,"{""name"":""circle"",""cx"":2621,""cy"":1470,""r"":41}","{}"
2018-06-22_PDA_39_S.commune.DSC3_#1.jpg,4303185,"{}",3,2,"{""name"":""circle"",""cx"":1965,""cy"":894,""r"":43}","{}"
2018-06-22_PDA_39_S.commune.DSC3_#2.jpg,4279311,"{}",3,0,"{""name"":""circle"",""cx"":2119,""cy"":1928,""r"":182}","{}"
2018-06-22_PDA_39_S.commune.DSC3_#2.jpg,4279311,"{}",3,1,"{""name"":""circle"",""cx"":2608,""cy"":1419,""r"":65}","{}"
2018-06-22_PDA_39_S.commune.DSC3_#2.jpg,4279311,"{}",3,2,"{""name"":""circle"",""cx"":1824,""cy"":1051,""r"":36}","{}"
2018-06-22_PDA_58.5_S.commune_#1.jpg,4111901,"{}",3,0,"{""name"":""circle"",""cx"":1804,""cy"":1788,""r"":163}","{}"
2018-06-22_PDA_58.5_S.commune_#1.jpg,4111901,"{}",3,1,"{""name"":""circle"",""cx"":2246,""cy"":1068,""r"":78}","{}"
2018-06-22_PDA_58.5_S.commune_#1.jpg,4111901,"{}",3,2,"{""name"":""circle"",""cx"":2815,""cy"":1878,""r"":111}","{}"
2018-06-22_PDA_58.5_S.commune_#2.jpg,4163099,"{}",3,0,"{""name"":""circle"",""cx"":2126,""cy"":1008,""r"":102}","{}"
2018-06-22_PDA_58.5_S.commune_#2.jpg,4163099,"{}",3,1,"{""name"":""circle"",""cx"":2785,""cy"":1761,""r"":125}","{}"
2018-06-22_PDA_58.5_S.commune_#2.jpg,4163099,"{}",3,2,"{""name"":""circle"",""cx"":1808,""cy"":1828,""r"":55}","{}"
2018-06-22_PDA_58.5_S.commune.DSC3_#1.jpg,4334704,"{}",3,0,"{""name"":""circle"",""cx"":2634,""cy"":981,""r"":59}","{}"
2018-06-22_PDA_58.5_S.commune.DSC3_#1.jpg,4334704,"{}",3,1,"{""name"":""circle"",""cx"":1714,""cy"":1245,""r"":33}","{}"
2018-06-22_PDA_58.5_S.commune.DSC3_#1.jpg,4334704,"{}",3,2,"{""name"":""circle"",""cx"":2420,""cy"":2112,""r"":64}","{}"
2018-06-22_PDA_58.5_S.commune.DSC3_#2.jpg,4221908,"{}",3,0,"{""name"":""circle"",""cx"":2370,""cy"":961,""r"":61}","{}"
2018-06-22_PDA_58.5_S.commune.DSC3_#2.jpg,4221908,"{}",3,1,"{""name"":""circle"",""cx"":2926,""cy"":1530,""r"":29}","{}"
2018-06-22_PDA_58.5_S.commune.DSC3_#2.jpg,4221908,"{}",3,2,"{""name"":""circle"",""cx"":1844,""cy"":1781,""r"":40}","{}"
2018-06-22_YPD_P.ostreatus.jpg,4227512,"{}",8,0,"{""name"":""circle"",""cx"":1714,""cy"":767,""r"":73}","{}"
2018-06-22_YPD_P.ostreatus.jpg,4227512,"{}",8,1,"{""name"":""circle"",""cx"":2039,""cy"":806,""r"":65}","{}"
2018-06-22_YPD_P.ostreatus.jpg,4227512,"{}",8,2,"{""name"":""circle"",""cx"":2434,""cy"":844,""r"":50}","{}"
2018-06-22_YPD_P.ostreatus.jpg,4227512,"{}",8,3,"{""name"":""circle"",""cx"":2715,""cy"":934,""r"":65}","{}"
2018-06-22_YPD_P.ostreatus.jpg,4227512,"{}",8,4,"{""name"":""circle"",""cx"":2567,""cy"":1479,""r"":48}","{}"
2018-06-22_YPD_P.ostreatus.jpg,4227512,"{}",8,5,"{""name"":""circle"",""cx"":2303,""cy"":1493,""r"":54}","{}"
2018-06-22_YPD_P.ostreatus.jpg,4227512,"{}",8,6,"{""name"":""circle"",""cx"":1931,""cy"":1480,""r"":57}","{}"
2018-06-22_YPD_P.ostreatus.jpg,4227512,"{}",8,7,"{""name"":""circle"",""cx"":1553,""cy"":1420,""r"":52}","{}"
2018-06-22_YPD_S.commune.jpg,4084140,"{}",3,0,"{""name"":""circle"",""cx"":2012,""cy"":907,""r"":51}","{}"
2018-06-22_YPD_S.commune.jpg,4084140,"{}",3,1,"{""name"":""circle"",""cx"":2189,""cy"":1820,""r"":46}","{}"
2018-06-22_YPD_S.commune.jpg,4084140,"{}",3,2,"{""name"":""circle"",""cx"":2892,""cy"":1426,""r"":54}","{}"
2018-06-22_YPD_S.commune.DSC3.jpg,4088960,"{}",3,0,"{""name"":""circle"",""cx"":2233,""cy"":619,""r"":62}","{}"
2018-06-22_YPD_S.commune.DSC3.jpg,4088960,"{}",3,1,"{""name"":""circle"",""cx"":1828,""cy"":1764,""r"":44}","{}"
2018-06-22_YPD_S.commune.DSC3.jpg,4088960,"{}",3,2,"{""name"":""circle"",""cx"":2765,""cy"":1871,""r"":60}","{}"
2018-06-23_MEA_47.5_S.commune_#1.jpg,4737208,"{}",3,0,"{""name"":""circle"",""cx"":1443,""cy"":1219,""r"":286}","{}"
2018-06-23_MEA_47.5_S.commune_#1.jpg,4737208,"{}",3,1,"{""name"":""circle"",""cx"":2427,""cy"":947.""r"":112}","{}"
2018-06-23_MEA_47.5_S.commune_#1.jpg,4737208,"{}",3,2,"{""name"":""circle"",""cx"":2209,""cy"":1941,""r"":48}","{}"
2018-06-23_MEA_47.5_S.commune_#2.jpg,4567226,"{}",3,0,"{""name"":""circle"",""cx"":1808,""cy"":1001,""r"":180}","{}"
2018-06-23_MEA_47.5_S.commune_#2.jpg,4567226,"{}",3,1,"{""name"":""circle"",""cx"":2798,""cy"":1061,""r"":163}","{}"
2018-06-23_MEA_47.5_S.commune_#2.jpg,4567226,"{}",3,2,"{""name"":""circle"",""cx"":2065,""cy"":1794,""r"":199}","{}"
2018-06-23_MEA_47.5_S.commune.DSC3_#1.jpg,4400496,"{}",3,0,"{""name"":""circle"",""cx"":2634,""cy"":1178,""r"":52}","{}"
2018-06-23_MEA_47.5_S.commune.DSC3_#1.jpg,4400496,"{}",3,1,"{""name"":""circle"",""cx"":1530,""cy"":1024,""r"":41}","{}"
2018-06-23_MEA_47.5_S.commune.DSC3_#1.jpg,4400496,"{}",3,2,"{""name"":""circle"",""cx"":1972,""cy"":1885,""r"":51}","{}"
2018-06-23_MEA_47.5_S.commune.DSC3_#2.jpg,4319259,"{}",3,0,"{""name"":""circle"",""cx"":2119,""cy"":837,""r"":39}","{}"
2018-06-23_MEA_47.5_S.commune.DSC3_#2.jpg,4319259,"{}",3,1,"{""name"":""circle"",""cx"":1439,""cy"":1684,""r"":38}","{}"
2018-06-23_MEA_47.5_S.commune.DSC3_#2.jpg,4319259,"{}",3,2,"{""name"":""circle"",""cx"":2567,""cy"":1948,""r"":74}","{}"
2018-06-23_MEA_50_S.commune_#1.jpg,4739475,"{}",3,0,"{""name"":""circle"",""cx"":1905,""cy"":1727,""r"":286}","{}"
2018-06-23_MEA_50_S.commune_#1.jpg,4739475,"{}",3,1,"{""name"":""circle"",""cx"":1784,""cy"":844,""r"":187}","{}"
2018-06-23_MEA_50_S.commune_#1.jpg,4739475,"{}",3,2,"{""name"":""circle"",""cx"":2765,""cy"":1125,""r"":197}","{}"
2018-06-23_MEA_50_S.commune_#2.jpg,4403971,"{}",3,0,"{""name"":""circle"",""cx"":1844,""cy"":917,""r"":169}","{}"
2018-06-23_MEA_50_S.commune_#2.jpg,4403971,"{}",3,1,"{""name"":""circle"",""cx"":2768,""cy"":957,""r"":128}","{}"
2018-06-23_MEA_50_S.commune_#2.jpg,4403971,"{}",3,2,"{""name"":""circle"",""cx"":2293,""cy"":1861,""r"":222}","{}"
2018-06-23_MEA_50_S.commune.DSC3_#1.jpg,4424061,"{}",3,0,"{""name"":""circle"",""cx"":1453,""cy"":1192,""r"":131}","{}"
2018-06-23_MEA_50_S.commune.DSC3_#1.jpg,4424061,"{}",3,1,"{""name"":""circle"",""cx"":2370,""cy"":773,""r"":40}","{}"
2018-06-23_MEA_50_S.commune.DSC3_#1.jpg,4424061,"{}",3,2,"{""name"":""circle"",""cx"":2236,""cy"":1958,""r"":43}","{}"
2018-06-23_MEA_50_S.commune.DSC3_#2.jpg,4314348,"{}",3,0,"{""name"":""circle"",""cx"":2524,""cy"":1316,""r"":76}","{}"
2018-06-23_MEA_50_S.commune.DSC3_#2.jpg,4314348,"{}",3,1,"{""name"":""circle"",""cx"":1634,""cy"":1747.""r"":43}","{}"
2018-06-23_MEA_50_S.commune.DSC3_#2.jpg,4314348,"{}",3,2,"{""name"":""circle"",""cx"":1690,""cy"":696,""r"":54}","{}"
2018-06-23_MEA_52.5_S.commune_#1.jpg,4550082,"{}",3,0,"{""name"":""circle"",""cx"":2584,""cy"":1446,""r"":252}","{}"
2018-06-23_MEA_52.5_S.commune_#1.jpg,4550082,"{}",3,1,"{""name"":""circle"",""cx"":1948,""cy"":626,""r"":94}","{}"
2018-06-23_MEA_52.5_S.commune_#1.jpg,4550082,"{}",3,2,"{""name"":""circle"",""cx"":1664,""cy"":1694,""r"":93}","{}"
2018-06-23_MEA_52.5_S.commune_#2.jpg,4582851,"{}",3,0,"{""name"":""circle"",""cx"":1567,""cy"":1192,""r"":90}","{}"
2018-06-23_MEA_52.5_S.commune_#2.jpg,4582851,"{}",3,1,"{""name"":""circle"",""cx"":2561,""cy"":589,""r"":89}","{}"
2018-06-23_MEA_52.5_S.commune_#2.jpg,4582851,"{}",3,2,"{""name"":""circle"",""cx"":2400,""cy"":1777,""r"":100}","{}"
2018-06-23_MEA_52.5_S.commune.DSC3_#1.jpg,4574740,"{}",3,0,"{""name"":""circle"",""cx"":1399,""cy"":1299,""r"":90}","{}"
2018-06-23_MEA_52.5_S.commune.DSC3_#1.jpg,4574740,"{}",3,1,"{""name"":""circle"",""cx"":2035,""cy"":526,""r"":161}","{}"
2018-06-23_MEA_52.5_S.commune.DSC3_#1.jpg,4574740,"{}",3,2,"{""name"":""circle"",""cx"":2544,""cy"":1550,""r"":38}","{}"
2018-06-23_MEA_52.5_S.commune.DSC3_#2.jpg,4565595,"{}",3,0,"{""name"":""circle"",""cx"":2380,""cy"":1503,""r"":218}","{}"
2018-06-23_MEA_52.5_S.commune.DSC3_#2.jpg,4565595,"{}",3,1,"{""name"":""circle"",""cx"":1821,""cy"":559,""r"":48}","{}"
2018-06-23_MEA_52.5_S.commune.DSC3_#2.jpg,4565595,"{}",3,2,"{""name"":""circle"",""cx"":1423,""cy"":1627,""r"":52}","{}"
2018-06-23_PDA_19.5_P.ostreatus_#1.jpg,4393630,"{}",8,0,"{""name"":""circle"",""cx"":2253,""cy"":1205,""r"":169}","{}"
2018-06-23_PDA_19.5_P.ostreatus_#1.jpg,4393630,"{}",8,1,"{""name"":""circle"",""cx"":1948,""cy"":1028,""r"":125}","{}"
2018-06-23_PDA_19.5_P.ostreatus_#1.jpg,4393630,"{}",8,2,"{""name"":""circle"",""cx"":2588,""cy"":1376,""r"":121}","{}"
2018-06-23_PDA_19.5_P.ostreatus_#1.jpg,4393630,"{}",8,3,"{""name"":""circle"",""cx"":2839,""cy"":1590,""r"":191}","{}"
2018-06-23_PDA_19.5_P.ostreatus_#1.jpg,4393630,"{}",8,4,"{""name"":""circle"",""cx"":2487,""cy"":2347.""r"":65}","{}"
2018-06-23_PDA_19.5_P.ostreatus_#1.jpg,4393630,"{}",8,5,"{""name"":""circle"",""cx"":2092,""cy"":2029,""r"":135}","{}"
2018-06-23_PDA_19.5_P.ostreatus_#1.jpg,4393630,"{}",8,6,"{""name"":""circle"",""cx"":1848,""cy"":1791,""r"":129}","{}"
2018-06-23_PDA_19.5_P.ostreatus_#1.jpg,4393630,"{}",8,7,"{""name"":""circle"",""cx"":1503,""cy"":1520,""r"":99}","{}"
2018-06-23_PDA_19.5_P.ostreatus_#2.jpg,4209444,"{}",8,0,"{""name"":""circle"",""cx"":1962,""cy"":757,""r"":166}","{}"
2018-06-23_PDA_19.5_P.ostreatus_#2.jpg,4209444,"{}",8,1,"{""name"":""circle"",""cx"":2290,""cy"":1068,""r"":117}","{}"
2018-06-23_PDA_19.5_P.ostreatus_#2.jpg,4209444,"{}",8,2,"{""name"":""circle"",""cx"":2490,""cy"":1372,""r"":86}","{}"
2018-06-23_PDA_19.5_P.ostreatus_#2.jpg,4209444,"{}",8,3,"{""name"":""circle"",""cx"":2708,""cy"":1737,""r"":137}","{}"
2018-06-23_PDA_19.5_P.ostreatus_#2.jpg,4209444,"{}",8,4,"{""name"":""circle"",""cx"":2116,""cy"":2002,""r"":121}","{}"
2018-06-23_PDA_19.5_P.ostreatus_#2.jpg,4209444,"{}",8,5,"{""name"":""circle"",""cx"":1895,""cy"":1667,""r"":115}","{}"
2018-06-23_PDA_19.5_P.ostreatus_#2.jpg,4209444,"{}",8,6,"{""name"":""circle"",""cx"":1617,""cy"":1352.""r"":145}","{}"
2018-06-23_PDA_19.5_P.ostreatus_#2.jpg,4209444,"{}",8,7,"{""name"":""circle"",""cx"":1413,""cy"":1101,""r"":95}","{}"
2018-06-23_PDA_19.5_S.commune_#1.jpg,4266750,"{}",3,0,"{""name"":""circle"",""cx"":1781,""cy"":1018,""r"":206}","{}"
2018-06-23_PDA_19.5_S.commune_#1.jpg,4266750,"{}",3,1,"{""name"":""circle"",""cx"":2447.""cy"":1687,""r"":264}","{}"
2018-06-23_PDA_19.5_S.commune_#1.jpg,4266750,"{}",3,2,"{""name"":""circle"",""cx"":2785,""cy"":1058,""r"":186}","{}"
2018-06-23_PDA_19.5_S.commune_#2.jpg,4312617,"{}",3,0,"{""name"":""circle"",""cx"":2447.""cy"":958,""r"":243}","{}"
2018-06-23_PDA_19.5_S.commune_#2.jpg,4312617,"{}",3,1,"{""name"":""circle"",""cx"":2588,""cy"":1647.""r"":256}","{}"
2018-06-23_PDA_19.5_S.commune_#2.jpg,4312617,"{}",3,2,"{""name"":""circle"",""cx"":1968,""cy"":921,""r"":168}","{}"
2018-06-23_PDA_19.5_S.commune.DSC3_#1.jpg,4388417,"{}",3,0,"{""name"":""circle"",""cx"":1724,""cy"":1309,""r"":54}","{}"
2018-06-23_PDA_19.5_S.commune.DSC3_#1.jpg,4388417,"{}",3,1,"{""name"":""circle"",""cx"":2209,""cy"":844,""r"":55}","{}"
2018-06-23_PDA_19.5_S.commune.DSC3_#1.jpg,4388417,"{}",3,2,"{""name"":""circle"",""cx"":2628,""cy"":1470,""r"":90}","{}"
2018-06-23_PDA_19.5_S.commune.DSC3_#2.jpg,4266429,"{}",3,0,"{""name"":""circle"",""cx"":1704,""cy"":1078,""r"":64}","{}"
2018-06-23_PDA_19.5_S.commune.DSC3_#2.jpg,4266429,"{}",3,1,"{""name"":""circle"",""cx"":2333,""cy"":998,""r"":63}","{}"
2018-06-23_PDA_19.5_S.commune.DSC3_#2.jpg,4266429,"{}",3,2,"{""name"":""circle"",""cx"":2511,""cy"":1654,""r"":72}","{}"
2018-06-23_PDA_39_S.commune_#1.jpg,4595633,"{}",3,0,"{""name"":""circle"",""cx"":1536,""cy"":1623,""r"":294}","{}"
2018-06-23_PDA_39_S.commune_#1.jpg,4595633,"{}",3,1,"{""name"":""circle"",""cx"":2213,""cy"":827,""r"":209}","{}"
2018-06-23_PDA_39_S.commune_#1.jpg,4595633,"{}",3,2,"{""name"":""circle"",""cx"":2467,""cy"":1858,""r"":271}","{}"
2018-06-23_PDA_39_S.commune_#2.jpg,4192839,"{}",3,0,"{""name"":""circle"",""cx"":1620,""cy"":987,""r"":251}","{}"
2018-06-23_PDA_39_S.commune_#2.jpg,4192839,"{}",3,1,"{""name"":""circle"",""cx"":2715,""cy"":1185,""r"":329}","{}"
2018-06-23_PDA_39_S.commune_#2.jpg,4192839,"{}",3,2,"{""name"":""circle"",""cx"":1808,""cy"":1901,""r"":245}","{}"
2018-06-23_PDA_39_S.commune.DSC3_#1.jpg,4210931,"{}",3,0,"{""name"":""circle"",""cx"":1767,""cy"":1232,""r"":187}","{}"
2018-06-23_PDA_39_S.commune.DSC3_#1.jpg,4210931,"{}",3,1,"{""name"":""circle"",""cx"":2457,""cy"":1821,""r"":244}","{}"
2018-06-23_PDA_39_S.commune.DSC3_#1.jpg,4210931,"{}",3,2,"{""name"":""circle"",""cx"":2534,""cy"":887,""r"":58}","{}"
2018-06-23_PDA_39_S.commune.DSC3_#2.jpg,4212409,"{}",3,0,"{""name"":""circle"",""cx"":1727,""cy"":1603,""r"":253}","{}"
2018-06-23_PDA_39_S.commune.DSC3_#2.jpg,4212409,"{}",3,1,"{""name"":""circle"",""cx"":2654,""cy"":1526,""r"":340}","{}"
2018-06-23_PDA_39_S.commune.DSC3_#2.jpg,4212409,"{}",3,2,"{""name"":""circle"",""cx"":2223,""cy"":957,""r"":187}","{}"
2018-06-23_PDA_58.5_S.commune_#1.jpg,4278798,"{}",3,0,"{""name"":""circle"",""cx"":1603,""cy"":1650,""r"":235}","{}"
2018-06-23_PDA_58.5_S.commune_#1.jpg,4278798,"{}",3,1,"{""name"":""circle"",""cx"":1844,""cy"":656,""r"":251}","{}"
2018-06-23_PDA_58.5_S.commune_#1.jpg,4278798,"{}",3,2,"{""name"":""circle"",""cx"":2430,""cy"":1185,""r"":171}","{}"
2018-06-23_PDA_58.5_S.commune_#2.jpg,4219755,"{}",3,0,"{""name"":""circle"",""cx"":1459,""cy"":1557,""r"":240}","{}"
2018-06-23_PDA_58.5_S.commune_#2.jpg,4219755,"{}",3,1,"{""name"":""circle"",""cx"":2444,""cy"":1503,""r"":242}","{}"
2018-06-23_PDA_58.5_S.commune_#2.jpg,4219755,"{}",3,2,"{""name"":""circle"",""cx"":1988,""cy"":736,""r"":64}","{}"
2018-06-23_PDA_58.5_S.commune.DSC3_#1.jpg,4280567,"{}",3,0,"{""name"":""circle"",""cx"":1952.""cy"":2018,""r"":55}","{}"
2018-06-23_PDA_58.5_S.commune.DSC3_#1.jpg,4280567,"{}",3,1,"{""name"":""circle"",""cx"":1292,""cy"":1305,""r"":39}","{}"
2018-06-23_PDA_58.5_S.commune.DSC3_#1.jpg,4280567,"{}",3,2,"{""name"":""circle"",""cx"":2410,""cy"":994,""r"":36}","{}"
2018-06-23_PDA_58.5_S.commune.DSC3_#2.jpg,4143670,"{}",3,0,"{""name"":""circle"",""cx"":1988,""cy"":2049,""r"":85}","{}"
2018-06-23_PDA_58.5_S.commune.DSC3_#2.jpg,4143670,"{}",3,1,"{""name"":""circle"",""cx"":2855,""cy"":1925,""r"":150}","{}"
2018-06-23_PDA_58.5_S.commune.DSC3_#2.jpg,4143670,"{}",3,2,"{""name"":""circle"",""cx"":2393,""cy"":991,""r"":60}","{}"
2018-06-23_YPD_P.ostreatus.jpg,4286873,"{}",8,0,"{""name"":""circle"",""cx"":2440,""cy"":807,""r"":101}","{}"
2018-06-23_YPD_P.ostreatus.jpg,4286873,"{}",8,1,"{""name"":""circle"",""cx"":2116,""cy"":1014,""r"":101}","{}"
2018-06-23_YPD_P.ostreatus.jpg,4286873,"{}",8,2,"{""name"":""circle"",""cx"":1791,""cy"":1249,""r"":95}","{}"
2018-06-23_YPD_P.ostreatus.jpg,4286873,"{}",8,3,"{""name"":""circle"",""cx"":1573,""cy"":1403,""r"":83}","{}"
2018-06-23_YPD_P.ostreatus.jpg,4286873,"{}",8,4,"{""name"":""circle"",""cx"":1837,""cy"":1921,""r"":78}","{}"
2018-06-23_YPD_P.ostreatus.jpg,4286873,"{}",8,5,"{""name"":""circle"",""cx"":2069,""cy"":1801,""r"":85}","{}"
2018-06-23_YPD_P.ostreatus.jpg,4286873,"{}",8,6,"{""name"":""circle"",""cx"":2430,""cy"":1586,""r"":102}","{}"
2018-06-23_YPD_P.ostreatus.jpg,4286873,"{}",8,7,"{""name"":""circle"",""cx"":2698,""cy"":1372,""r"":72}","{}"
2018-06-23_YPD_S.commune.jpg,4017123,"{}",4,0,"{""name"":""circle"",""cx"":1828,""cy"":1141,""r"":140}","{}"
2018-06-23_YPD_S.commune.jpg,4017123,"{}",4,1,"{""name"":""circle"",""cx"":2695,""cy"":1105,""r"":109}","{}"
2018-06-23_YPD_S.commune.jpg,4017123,"{}",4,2,"{""name"":""circle"",""cx"":2698,""cy"":1453,""r"":76}","{}"
2018-06-23_YPD_S.commune.jpg,4017123,"{}",4,3,"{""name"":""circle"",""cx"":1988,""cy"":1858,""r"":82}","{}"
2018-06-23_YPD_S.commune.DSC3.jpg,4145284,"{}",3,0,"{""name"":""circle"",""cx"":2055,""cy"":633,""r"":98}","{}"
2018-06-23_YPD_S.commune.DSC3.jpg,4145284,"{}",3,1,"{""name"":""circle"",""cx"":2434,""cy"":1968,""r"":72}","{}"
2018-06-23_YPD_S.commune.DSC3.jpg,4145284,"{}",3,2,"{""name"":""circle"",""cx"":1349,""cy"":1386,""r"":60}","{}"
2018-06-24_MEA_47.5_S.commune_#1.jpg,5070436,"{}",3,0,"{""name"":""circle"",""cx"":1878,""cy"":1620,""r"":398}","{}"
2018-06-24_MEA_47.5_S.commune_#1.jpg,5070436,"{}",3,1,"{""name"":""circle"",""cx"":880,""cy"":1436,""r"":231}","{}"
2018-06-24_MEA_47.5_S.commune_#1.jpg,5070436,"{}",3,2,"{""name"":""circle"",""cx"":1627,""cy"":659,""r"":55}","{}"
2018-06-24_MEA_47.5_S.commune_#2.jpg,4999500,"{}",3,0,"{""name"":""circle"",""cx"":1295,""cy"":1707,""r"":295}","{}"
2018-06-24_MEA_47.5_S.commune_#2.jpg,4999500,"{}",3,1,"{""name"":""circle"",""cx"":1634,""cy"":951,""r"":293}","{}"
2018-06-24_MEA_47.5_S.commune_#2.jpg,4999500,"{}",3,2,"{""name"":""circle"",""cx"":2333,""cy"":1630,""r"":275}","{}"
2018-06-24_MEA_47.5_S.commune.DSC3_#1.jpg,4523476,"{}",3,0,"{""name"":""circle"",""cx"":1460,""cy"":1429,""r"":50}","{}"
2018-06-24_MEA_47.5_S.commune.DSC3_#1.jpg,4523476,"{}",3,1,"{""name"":""circle"",""cx"":2055,""cy"":622,""r"":52}","{}"
2018-06-24_MEA_47.5_S.commune.DSC3_#1.jpg,4523476,"{}",3,2,"{""name"":""circle"",""cx"":2400,""cy"":1724,""r"":32}","{}"
2018-06-24_MEA_47.5_S.commune.DSC3_#2.jpg,4581854,"{}",3,0,"{""name"":""circle"",""cx"":2146,""cy"":1831,""r"":46}","{}"
2018-06-24_MEA_47.5_S.commune.DSC3_#2.jpg,4581854,"{}",3,1,"{""name"":""circle"",""cx"":1493,""cy"":947.""r"":41}","{}"
2018-06-24_MEA_47.5_S.commune.DSC3_#2.jpg,4581854,"{}",3,2,"{""name"":""circle"",""cx"":2695,""cy"":790,""r"":49}","{}"
2018-06-24_MEA_50_S.commune_#1.jpg,5280810,"{}",3,0,"{""name"":""circle"",""cx"":1470,""cy"":1332,""r"":337}","{}"
2018-06-24_MEA_50_S.commune_#1.jpg,5280810,"{}",3,1,"{""name"":""circle"",""cx"":2470,""cy"":1121,""r"":336}","{}"
2018-06-24_MEA_50_S.commune_#1.jpg,5280810,"{}",3,2,"{""name"":""circle"",""cx"":1968,""cy"":2029,""r"":396}","{}"
2018-06-24_MEA_50_S.commune_#2.jpg,4674422,"{}",3,0,"{""name"":""circle"",""cx"":1560,""cy"":1878,""r"":324}","{}"
2018-06-24_MEA_50_S.commune_#2.jpg,4674422,"{}",3,1,"{""name"":""circle"",""cx"":1901,""cy"":867,""r"":317}","{}"
2018-06-24_MEA_50_S.commune_#2.jpg,4674422,"{}",3,2,"{""name"":""circle"",""cx"":2524,""cy"":1536,""r"":265}","{}"
2018-06-24_MEA_50_S.commune.DSC3_#1.jpg,4559337,"{}",3,0,"{""name"":""circle"",""cx"":1945,""cy"":1610,""r"":186}","{}"
2018-06-24_MEA_50_S.commune.DSC3_#1.jpg,4559337,"{}",3,1,"{""name"":""circle"",""cx"":2176,""cy"":653,""r"":57}","{}"
2018-06-24_MEA_50_S.commune.DSC3_#1.jpg,4559337,"{}",3,2,"{""name"":""circle"",""cx"":2966,""cy"":1336,""r"":52}","{}"
2018-06-24_MEA_50_S.commune.DSC3_#2.jpg,4491609,"{}",3,0,"{""name"":""circle"",""cx"":1741,""cy"":2089,""r"":242}","{}"
2018-06-24_MEA_50_S.commune.DSC3_#2.jpg,4491609,"{}",3,1,"{""name"":""circle"",""cx"":1513,""cy"":1111,""r"":57}","{}"
2018-06-24_MEA_50_S.commune.DSC3_#2.jpg,4491609,"{}",3,2,"{""name"":""circle"",""cx"":2638,""cy"":1470,""r"":40}","{}"
2018-06-24_MEA_52.5_S.commune_#1.jpg,5091710,"{}",3,0,"{""name"":""circle"",""cx"":1309,""cy"":1158,""r"":385}","{}"
2018-06-24_MEA_52.5_S.commune_#1.jpg,5091710,"{}",3,1,"{""name"":""circle"",""cx"":2253,""cy"":1500,""r"":222}","{}"
2018-06-24_MEA_52.5_S.commune_#1.jpg,5091710,"{}",3,2,"{""name"":""circle"",""cx"":1386,""cy"":2176,""r"":234}","{}"
2018-06-24_MEA_52.5_S.commune_#2.jpg,4807514,"{}",3,0,"{""name"":""circle"",""cx"":1908,""cy"":1118,""r"":202}","{}"
2018-06-24_MEA_52.5_S.commune_#2.jpg,4807514,"{}",3,1,"{""name"":""circle"",""cx"":2845,""cy"":1824,""r"":265}","{}"
2018-06-24_MEA_52.5_S.commune_#2.jpg,4807514,"{}",3,2,"{""name"":""circle"",""cx"":1681,""cy"":2106,""r"":67}","{}"
2018-06-24_MEA_52.5_S.commune.DSC3_#1.jpg,4632472,"{}",3,0,"{""name"":""circle"",""cx"":1289,""cy"":1001,""r"":192}","{}"
2018-06-24_MEA_52.5_S.commune.DSC3_#1.jpg,4632472,"{}",3,1,"{""name"":""circle"",""cx"":2169,""cy"":636,""r"":251}","{}"
2018-06-24_MEA_52.5_S.commune.DSC3_#1.jpg,4632472,"{}",3,2,"{""name"":""circle"",""cx"":2182,""cy"":1754,""r"":66}","{}"
2018-06-24_MEA_52.5_S.commune.DSC3_#2.jpg,5145352."{}",3,0,"{""name"":""circle"",""cx"":1911,""cy"":803,""r"":339}","{}"
2018-06-24_MEA_52.5_S.commune.DSC3_#2.jpg,5145352."{}",3,1,"{""name"":""circle"",""cx"":1982,""cy"":1854,""r"":73}","{}"
2018-06-24_MEA_52.5_S.commune.DSC3_#2.jpg,5145352."{}",3,2,"{""name"":""circle"",""cx"":2775,""cy"":1061,""r"":37}","{}"
2018-06-24_PDA_19.5_P.ostreatus_#1.jpg,4846132,"{}",8,0,"{""name"":""circle"",""cx"":1386,""cy"":1262,""r"":263}","{}"
2018-06-24_PDA_19.5_P.ostreatus_#1.jpg,4846132,"{}",8,1,"{""name"":""circle"",""cx"":1543,""cy"":1563,""r"":162}","{}"
2018-06-24_PDA_19.5_P.ostreatus_#1.jpg,4846132,"{}",8,2,"{""name"":""circle"",""cx"":1774,""cy"":1858,""r"":231}","{}"
2018-06-24_PDA_19.5_P.ostreatus_#1.jpg,4846132,"{}",8,3,"{""name"":""circle"",""cx"":1995,""cy"":2136,""r"":175}","{}"
2018-06-24_PDA_19.5_P.ostreatus_#1.jpg,4846132,"{}",8,4,"{""name"":""circle"",""cx"":2584,""cy"":1828,""r"":156}","{}"
2018-06-24_PDA_19.5_P.ostreatus_#1.jpg,4846132,"{}",8,5,"{""name"":""circle"",""cx"":2387,""cy"":1446,""r"":199}","{}"
2018-06-24_PDA_19.5_P.ostreatus_#1.jpg,4846132,"{}",8,6,"{""name"":""circle"",""cx"":2246,""cy"":1068,""r"":218}","{}"
2018-06-24_PDA_19.5_P.ostreatus_#1.jpg,4846132,"{}",8,7,"{""name"":""circle"",""cx"":2015,""cy"":693,""r"":103}","{}"
2018-06-24_PDA_19.5_P.ostreatus_#2.jpg,4618619,"{}",8,0,"{""name"":""circle"",""cx"":1419,""cy"":1282,""r"":190}","{}"
2018-06-24_PDA_19.5_P.ostreatus_#2.jpg,4618619,"{}",8,1,"{""name"":""circle"",""cx"":2069,""cy"":1085,""r"":147}","{}"
2018-06-24_PDA_19.5_P.ostreatus_#2.jpg,4618619,"{}",8,2,"{""name"":""circle"",""cx"":2236,""cy"":1456,""r"":189}","{}"
2018-06-24_PDA_19.5_P.ostreatus_#2.jpg,4618619,"{}",8,3,"{""name"":""circle"",""cx"":2487,""cy"":1818,""r"":182}","{}"
2018-06-24_PDA_19.5_P.ostreatus_#2.jpg,4618619,"{}",8,4,"{""name"":""circle"",""cx"":2681,""cy"":2109,""r"":188}","{}"
2018-06-24_PDA_19.5_P.ostreatus_#2.jpg,4618619,"{}",8,5,"{""name"":""circle"",""cx"":2069,""cy"":2347.""r"":219}","{}"
2018-06-24_PDA_19.5_P.ostreatus_#2.jpg,4618619,"{}",8,6,"{""name"":""circle"",""cx"":1794,""cy"":2005,""r"":157}","{}"
2018-06-24_PDA_19.5_P.ostreatus_#2.jpg,4618619,"{}",8,7,"{""name"":""circle"",""cx"":1577,""cy"":1647.""r"":92}","{}"
2018-06-24_PDA_19.5_S.commune_#1.jpg,4381820,"{}",3,0,"{""name"":""circle"",""cx"":1356,""cy"":1587,""r"":302}","{}"
2018-06-24_PDA_19.5_S.commune_#1.jpg,4381820,"{}",3,1,"{""name"":""circle"",""cx"":2273,""cy"":1821,""r"":369}","{}"
2018-06-24_PDA_19.5_S.commune_#1.jpg,4381820,"{}",3,2,"{""name"":""circle"",""cx"":2243,""cy"":1024,""r"":298}","{}"
2018-06-24_PDA_19.5_S.commune.DSC3_#1.jpg,4316189,"{}",3,0,"{""name"":""circle"",""cx"":2152.""cy"":1376,""r"":144}","{}"
2018-06-24_PDA_19.5_S.commune.DSC3_#1.jpg,4316189,"{}",3,1,"{""name"":""circle"",""cx"":2477,""cy"":810,""r"":51}","{}"
2018-06-24_PDA_19.5_S.commune.DSC3_#1.jpg,4316189,"{}",3,2,"{""name"":""circle"",""cx"":3026,""cy"":1319,""r"":75}","{}"
2018-06-24_PDA_19.5_S.commune.DSC3_#2.jpg,4281714,"{}",3,0,"{""name"":""circle"",""cx"":1687,""cy"":1610,""r"":40}","{}"
2018-06-24_PDA_19.5_S.commune.DSC3_#2.jpg,4281714,"{}",3,1,"{""name"":""circle"",""cx"":2353,""cy"":1393,""r"":50}","{}"
2018-06-24_PDA_19.5_S.commune.DSC3_#2.jpg,4281714,"{}",3,2,"{""name"":""circle"",""cx"":2146,""cy"":793,""r"":33}","{}"
2018-06-24_PDA_19.5_S.commune_#2.jpg,4283148,"{}",4,0,"{""name"":""circle"",""cx"":2095,""cy"":977,""r"":323}","{}"
2018-06-24_PDA_19.5_S.commune_#2.jpg,4283148,"{}",4,1,"{""name"":""circle"",""cx"":1466,""cy"":1362,""r"":367}","{}"
2018-06-24_PDA_19.5_S.commune_#2.jpg,4283148,"{}",4,2,"{""name"":""circle"",""cx"":1620,""cy"":1875,""r"":227}","{}"
2018-06-24_PDA_19.5_S.commune_#2.jpg,4283148,"{}",4,3,"{""name"":""circle"",""cx"":2634,""cy"":1915,""r"":203}","{}"
2018-06-24_PDA_39_S.commune_#1.jpg,4281785,"{}",3,0,"{""name"":""circle"",""cx"":1684,""cy"":1101,""r"":409}","{}"
2018-06-24_PDA_39_S.commune_#1.jpg,4281785,"{}",3,1,"{""name"":""circle"",""cx"":2674,""cy"":1453,""r"":360}","{}"
2018-06-24_PDA_39_S.commune_#1.jpg,4281785,"{}",3,2,"{""name"":""circle"",""cx"":1787,""cy"":2079,""r"":391}","{}"
2018-06-24_PDA_39_S.commune_#2.jpg,4524941,"{}",3,0,"{""name"":""circle"",""cx"":1342,""cy"":1128,""r"":378}","{}"
2018-06-24_PDA_39_S.commune_#2.jpg,4524941,"{}",3,1,"{""name"":""circle"",""cx"":2457,""cy"":1282,""r"":431}","{}"
2018-06-24_PDA_39_S.commune_#2.jpg,4524941,"{}",3,2,"{""name"":""circle"",""cx"":1590,""cy"":2122,""r"":388}","{}"
2018-06-24_PDA_39_S.commune.DSC3_#1.jpg,4323241,"{}",3,0,"{""name"":""circle"",""cx"":1677,""cy"":760,""r"":287}","{}"
2018-06-24_PDA_39_S.commune.DSC3_#1.jpg,4323241,"{}",3,1,"{""name"":""circle"",""cx"":2336,""cy"":1339,""r"":241}","{}"
2018-06-24_PDA_39_S.commune.DSC3_#1.jpg,4323241,"{}",3,2,"{""name"":""circle"",""cx"":1550,""cy"":1714,""r"":333}","{}"
2018-06-24_PDA_39_S.commune.DSC3_#2.jpg,4163165,"{}",3,0,"{""name"":""circle"",""cx"":2233,""cy"":994,""r"":246}","{}"
2018-06-24_PDA_39_S.commune.DSC3_#2.jpg,4163165,"{}",3,1,"{""name"":""circle"",""cx"":1490,""cy"":1379,""r"":294}","{}"
2018-06-24_PDA_39_S.commune.DSC3_#2.jpg,4163165,"{}",3,2,"{""name"":""circle"",""cx"":2413,""cy"":1687,""r"":432}","{}"
2018-06-24_PDA_58.5_S.commune_#1.jpg,5299986,"{}",3,0,"{""name"":""circle"",""cx"":1219,""cy"":1506,""r"":277}","{}"
2018-06-24_PDA_58.5_S.commune_#1.jpg,5299986,"{}",3,1,"{""name"":""circle"",""cx"":2039,""cy"":1051,""r"":353}","{}"
2018-06-24_PDA_58.5_S.commune_#1.jpg,5299986,"{}",3,2,"{""name"":""circle"",""cx"":1814,""cy"":2095,""r"":436}","{}"
2018-06-24_PDA_58.5_S.commune_#2.jpg,4919804,"{}",3,0,"{""name"":""circle"",""cx"":1175,""cy"":1101,""r"":355}","{}"
2018-06-24_PDA_58.5_S.commune_#2.jpg,4919804,"{}",3,1,"{""name"":""circle"",""cx"":1864,""cy"":1925,""r"":379}","{}"
2018-06-24_PDA_58.5_S.commune_#2.jpg,4919804,"{}",3,2,"{""name"":""circle"",""cx"":2089,""cy"":1014,""r"":64}","{}"
2018-06-24_PDA_58.5_S.commune.DSC3_#1.jpg,4149494,"{}",3,0,"{""name"":""circle"",""cx"":1620,""cy"":1336,""r"":53}","{}"
2018-06-24_PDA_58.5_S.commune.DSC3_#1.jpg,4149494,"{}",3,1,"{""name"":""circle"",""cx"":2263,""cy"":659,""r"":46}","{}"
2018-06-24_PDA_58.5_S.commune.DSC3_#1.jpg,4149494,"{}",3,2,"{""name"":""circle"",""cx"":2671,""cy"":1721,""r"":37}","{}"
2018-06-24_PDA_58.5_S.commune.DSC3_#2.jpg,4420700,"{}",3,0,"{""name"":""circle"",""cx"":2112,""cy"":1955,""r"":309}","{}"
2018-06-24_PDA_58.5_S.commune.DSC3_#2.jpg,4420700,"{}",3,1,"{""name"":""circle"",""cx"":2199,""cy"":1038,""r"":62}","{}"
2018-06-24_PDA_58.5_S.commune.DSC3_#2.jpg,4420700,"{}",3,2,"{""name"":""circle"",""cx"":3029,""cy"":1764,""r"":45}","{}"
2018-06-24_YPD_P.ostreatus_#1.jpg,4758729,"{}",8,0,"{""name"":""circle"",""cx"":1999,""cy"":954,""r"":143}","{}"
2018-06-24_YPD_P.ostreatus_#1.jpg,4758729,"{}",8,1,"{""name"":""circle"",""cx"":2551,""cy"":988,""r"":135}","{}"
2018-06-24_YPD_P.ostreatus_#1.jpg,4758729,"{}",8,2,"{""name"":""circle"",""cx"":1975,""cy"":1289,""r"":131}","{}"
2018-06-24_YPD_P.ostreatus_#1.jpg,4758729,"{}",8,3,"{""name"":""circle"",""cx"":2581,""cy"":1309,""r"":140}","{}"
2018-06-24_YPD_P.ostreatus_#1.jpg,4758729,"{}",8,4,"{""name"":""circle"",""cx"":2665,""cy"":1670,""r"":100}","{}"
2018-06-24_YPD_P.ostreatus_#1.jpg,4758729,"{}",8,5,"{""name"":""circle"",""cx"":2641,""cy"":2065,""r"":157}","{}"
2018-06-24_YPD_P.ostreatus_#1.jpg,4758729,"{}",8,6,"{""name"":""circle"",""cx"":1952.""cy"":1988,""r"":90}","{}"
2018-06-24_YPD_P.ostreatus_#1.jpg,4758729,"{}",8,7,"{""name"":""circle"",""cx"":1995,""cy"":1667,""r"":122}","{}"
2018-06-24_YPD_S.commune_#1.jpg,4207328,"{}",4,0,"{""name"":""circle"",""cx"":1597,""cy"":1095,""r"":198}","{}"
2018-06-24_YPD_S.commune_#1.jpg,4207328,"{}",4,1,"{""name"":""circle"",""cx"":1898,""cy"":984,""r"":201}","{}"
2018-06-24_YPD_S.commune_#1.jpg,4207328,"{}",4,2,"{""name"":""circle"",""cx"":2474,""cy"":1546,""r"":157}","{}"
2018-06-24_YPD_S.commune_#1.jpg,4207328,"{}",4,3,"{""name"":""circle"",""cx"":1821,""cy"":1985,""r"":235}","{}"
2018-06-24_YPD_S.commune.DSC3_#1.jpg,4034927,"{}",3,0,"{""name"":""circle"",""cx"":2882,""cy"":1326,""r"":159}","{}"
2018-06-24_YPD_S.commune.DSC3_#1.jpg,4034927,"{}",3,1,"{""name"":""circle"",""cx"":1557,""cy"":1613,""r"":64}","{}"
2018-06-24_YPD_S.commune.DSC3_#1.jpg,4034927,"{}",3,2,"{""name"":""circle"",""cx"":2132,""cy"":592,""r"":41}","{}"
2018-06-25_MEA_47.5_S.commune_#1.jpg,4514166,"{}",3,0,"{""name"":""circle"",""cx"":1553,""cy"":1145,""r"":557}","{}"
2018-06-25_MEA_47.5_S.commune_#1.jpg,4514166,"{}",3,1,"{""name"":""circle"",""cx"":2577,""cy"":1058,""r"":391}","{}"
2018-06-25_MEA_47.5_S.commune_#1.jpg,4514166,"{}",3,2,"{""name"":""circle"",""cx"":2139,""cy"":1995,""r"":87}","{}"
2018-06-25_MEA_47.5_S.commune_#2.jpg,4947885,"{}",3,0,"{""name"":""circle"",""cx"":1888,""cy"":1543,""r"":460}","{}"
2018-06-25_MEA_47.5_S.commune_#2.jpg,4947885,"{}",3,1,"{""name"":""circle"",""cx"":2731,""cy"":1731,""r"":508}","{}"
2018-06-25_MEA_47.5_S.commune_#2.jpg,4947885,"{}",3,2,"{""name"":""circle"",""cx"":2407,""cy"":690,""r"":445}","{}"
2018-06-25_MEA_47.5_S.commune.DSC3_#1.jpg,4166395,"{}",3,0,"{""name"":""circle"",""cx"":1687,""cy"":1165,""r"":52}","{}"
2018-06-25_MEA_47.5_S.commune.DSC3_#1.jpg,4166395,"{}",3,1,"{""name"":""circle"",""cx"":2263,""cy"":1962,""r"":56}","{}"
2018-06-25_MEA_47.5_S.commune.DSC3_#1.jpg,4166395,"{}",3,2,"{""name"":""circle"",""cx"":2651,""cy"":910,""r"":50}","{}"
2018-06-25_MEA_47.5_S.commune.DSC3_#2.jpg,4414968,"{}",3,0,"{""name"":""circle"",""cx"":2480,""cy"":854,""r"":45}","{}"
2018-06-25_MEA_47.5_S.commune.DSC3_#2.jpg,4414968,"{}",3,1,"{""name"":""circle"",""cx"":1506,""cy"":1393,""r"":58}","{}"
2018-06-25_MEA_47.5_S.commune.DSC3_#2.jpg,4414968,"{}",3,2,"{""name"":""circle"",""cx"":2444,""cy"":2032,""r"":48}","{}"
2018-06-25_MEA_50_S.commune_#1.jpg,4070034,"{}",3,0,"{""name"":""circle"",""cx"":1841,""cy"":880,""r"":407}","{}"
2018-06-25_MEA_50_S.commune_#1.jpg,4070034,"{}",3,1,"{""name"":""circle"",""cx"":2818,""cy"":1369,""r"":526}","{}"
2018-06-25_MEA_50_S.commune_#1.jpg,4070034,"{}",3,2,"{""name"":""circle"",""cx"":2035,""cy"":1897,""r"":380}","{}"
2018-06-25_MEA_50_S.commune_#2.jpg,4102864,"{}",3,0,"{""name"":""circle"",""cx"":2551,""cy"":1041,""r"":406}","{}"
2018-06-25_MEA_50_S.commune_#2.jpg,4102864,"{}",3,1,"{""name"":""circle"",""cx"":1644,""cy"":1470,""r"":390}","{}"
2018-06-25_MEA_50_S.commune_#2.jpg,4102864,"{}",3,2,"{""name"":""circle"",""cx"":2340,""cy"":2089,""r"":418}","{}"
2018-06-25_MEA_50_S.commune.DSC3_#1.jpg,4563417,"{}",3,0,"{""name"":""circle"",""cx"":2263,""cy"":817,""r"":373}","{}"
2018-06-25_MEA_50_S.commune.DSC3_#1.jpg,4563417,"{}",3,1,"{""name"":""circle"",""cx"":1731,""cy"":1737,""r"":26}","{}"
2018-06-25_MEA_50_S.commune.DSC3_#1.jpg,4563417,"{}",3,2,"{""name"":""circle"",""cx"":2882,""cy"":1530,""r"":45}","{}"
2018-06-25_MEA_50_S.commune.DSC3_#2.jpg,4329534,"{}",3,0,"{""name"":""circle"",""cx"":2601,""cy"":1603,""r"":344}","{}"
2018-06-25_MEA_50_S.commune.DSC3_#2.jpg,4329534,"{}",3,1,"{""name"":""circle"",""cx"":1597,""cy"":1279,""r"":33}","{}"
2018-06-25_MEA_50_S.commune.DSC3_#2.jpg,4329534,"{}",3,2,"{""name"":""circle"",""cx"":1925,""cy"":2280,""r"":43}","{}"
2018-06-25_MEA_52.5_S.commune_#1.jpg,4956785,"{}",3,0,"{""name"":""circle"",""cx"":1711,""cy"":1674,""r"":345}","{}"
2018-06-25_MEA_52.5_S.commune_#1.jpg,4956785,"{}",3,1,"{""name"":""circle"",""cx"":2447.""cy"":890,""r"":356}","{}"
2018-06-25_MEA_52.5_S.commune_#1.jpg,4956785,"{}",3,2,"{""name"":""circle"",""cx"":2668,""cy"":1908,""r"":507}","{}"
2018-06-25_MEA_52.5_S.commune_#2.jpg,4564762,"{}",3,0,"{""name"":""circle"",""cx"":1777,""cy"":857,""r"":320}","{}"
2018-06-25_MEA_52.5_S.commune_#2.jpg,4564762,"{}",3,1,"{""name"":""circle"",""cx"":2059,""cy"":1998,""r"":330}","{}"
2018-06-25_MEA_52.5_S.commune_#2.jpg,4564762,"{}",3,2,"{""name"":""circle"",""cx"":2825,""cy"":1339,""r"":55}","{}"
2018-06-25_MEA_52.5_S.commune.DSC3_#1.jpg,4445758,"{}",3,0,"{""name"":""circle"",""cx"":1888,""cy"":1798,""r"":346}","{}"
2018-06-25_MEA_52.5_S.commune.DSC3_#1.jpg,4445758,"{}",3,1,"{""name"":""circle"",""cx"":2902,""cy"":1757,""r"":318}","{}"
2018-06-25_MEA_52.5_S.commune.DSC3_#1.jpg,4445758,"{}",3,2,"{""name"":""circle"",""cx"":2300,""cy"":740,""r"":52}","{}"
2018-06-25_MEA_52.5_S.commune.DSC3_#2.jpg,4461572,"{}",3,0,"{""name"":""circle"",""cx"":2186,""cy"":1908,""r"":460}","{}"
2018-06-25_MEA_52.5_S.commune.DSC3_#2.jpg,4461572,"{}",3,1,"{""name"":""circle"",""cx"":1784,""cy"":1028,""r"":40}","{}"
2018-06-25_MEA_52.5_S.commune.DSC3_#2.jpg,4461572,"{}",3,2,"{""name"":""circle"",""cx"":2879,""cy"":1101,""r"":73}","{}"
2018-06-25_PDA_19.5_P.ostreatus_#1.jpg,4102431,"{}",8,0,"{""name"":""circle"",""cx"":1951,""cy"":907,""r"":419}","{}"
2018-06-25_PDA_19.5_P.ostreatus_#1.jpg,4102431,"{}",8,1,"{""name"":""circle"",""cx"":1824,""cy"":1255,""r"":204}","{}"
2018-06-25_PDA_19.5_P.ostreatus_#1.jpg,4102431,"{}",8,2,"{""name"":""circle"",""cx"":1834,""cy"":1637,""r"":342}","{}"
2018-06-25_PDA_19.5_P.ostreatus_#1.jpg,4102431,"{}",8,3,"{""name"":""circle"",""cx"":1767,""cy"":2005,""r"":184}","{}"
2018-06-25_PDA_19.5_P.ostreatus_#1.jpg,4102431,"{}",8,4,"{""name"":""circle"",""cx"":2792,""cy"":977,""r"":149}","{}"
2018-06-25_PDA_19.5_P.ostreatus_#1.jpg,4102431,"{}",8,5,"{""name"":""circle"",""cx"":2691,""cy"":1393,""r"":278}","{}"
2018-06-25_PDA_19.5_P.ostreatus_#1.jpg,4102431,"{}",8,6,"{""name"":""circle"",""cx"":2584,""cy"":1804,""r"":278}","{}"
2018-06-25_PDA_19.5_P.ostreatus_#1.jpg,4102431,"{}",8,7,"{""name"":""circle"",""cx"":2437,""cy"":2196,""r"":198}","{}"
2018-06-25_PDA_19.5_P.ostreatus_#2.jpg,3998835,"{}",8,0,"{""name"":""circle"",""cx"":1607,""cy"":1165,""r"":262}","{}"
2018-06-25_PDA_19.5_P.ostreatus_#2.jpg,3998835,"{}",8,1,"{""name"":""circle"",""cx"":2055,""cy"":1141,""r"":250}","{}"
2018-06-25_PDA_19.5_P.ostreatus_#2.jpg,3998835,"{}",8,2,"{""name"":""circle"",""cx"":2407,""cy"":1152.""r"":210}","{}"
2018-06-25_PDA_19.5_P.ostreatus_#2.jpg,3998835,"{}",8,3,"{""name"":""circle"",""cx"":2862,""cy"":1262,""r"":272}","{}"
2018-06-25_PDA_19.5_P.ostreatus_#2.jpg,3998835,"{}",8,4,"{""name"":""circle"",""cx"":1429,""cy"":1838,""r"":228}","{}"
2018-06-25_PDA_19.5_P.ostreatus_#2.jpg,3998835,"{}",8,5,"{""name"":""circle"",""cx"":1781,""cy"":1854,""r"":249}","{}"
2018-06-25_PDA_19.5_P.ostreatus_#2.jpg,3998835,"{}",8,6,"{""name"":""circle"",""cx"":2246,""cy"":1794,""r"":290}","{}"
2018-06-25_PDA_19.5_P.ostreatus_#2.jpg,3998835,"{}",8,7,"{""name"":""circle"",""cx"":2678,""cy"":1854,""r"":250}","{}"
2018-06-25_PDA_19.5_S.commune_#1.jpg,3951884,"{}",3,0,"{""name"":""circle"",""cx"":1841,""cy"":1242,""r"":422}","{}"
2018-06-25_PDA_19.5_S.commune_#1.jpg,3951884,"{}",3,1,"{""name"":""circle"",""cx"":2769,""cy"":1121,""r"":403}","{}"
2018-06-25_PDA_19.5_S.commune_#1.jpg,3951884,"{}",3,2,"{""name"":""circle"",""cx"":2156,""cy"":2008,""r"":401}","{}"
2018-06-25_PDA_19.5_S.commune_#2.jpg,3700087,"{}",4,0,"{""name"":""circle"",""cx"":1593,""cy"":817,""r"":299}","{}"
2018-06-25_PDA_19.5_S.commune_#2.jpg,3700087,"{}",4,1,"{""name"":""circle"",""cx"":2581,""cy"":1051,""r"":322}","{}"
2018-06-25_PDA_19.5_S.commune_#2.jpg,3700087,"{}",4,2,"{""name"":""circle"",""cx"":2604,""cy"":1644,""r"":398}","{}"
2018-06-25_PDA_19.5_S.commune_#2.jpg,3700087,"{}",4,3,"{""name"":""circle"",""cx"":1808,""cy"":1888,""r"":436}","{}"
2018-06-25_PDA_19.5_S.commune.DSC3_#1.jpg,4074108,"{}",3,0,"{""name"":""circle"",""cx"":2641,""cy"":1041,""r"":288}","{}"
2018-06-25_PDA_19.5_S.commune.DSC3_#1.jpg,4074108,"{}",3,1,"{""name"":""circle"",""cx"":1965,""cy"":1694,""r"":75}","{}"
2018-06-25_PDA_19.5_S.commune.DSC3_#1.jpg,4074108,"{}",3,2,"{""name"":""circle"",""cx"":2705,""cy"":1690,""r"":72}","{}"
2018-06-25_PDA_19.5_S.commune.DSC3_#2.jpg,4019313,"{}",3,0,"{""name"":""circle"",""cx"":2731,""cy"":1597,""r"":60}","{}"
2018-06-25_PDA_19.5_S.commune.DSC3_#2.jpg,4019313,"{}",3,1,"{""name"":""circle"",""cx"":2614,""cy"":984,""r"":53}","{}"
2018-06-25_PDA_19.5_S.commune.DSC3_#2.jpg,4019313,"{}",3,2,"{""name"":""circle"",""cx"":2045,""cy"":1714,""r"":52}","{}"
2018-06-25_PDA_39_S.commune_#1.jpg,4337574,"{}",3,0,"{""name"":""circle"",""cx"":2567,""cy"":1031,""r"":457}","{}"
2018-06-25_PDA_39_S.commune_#1.jpg,4337574,"{}",3,1,"{""name"":""circle"",""cx"":1711,""cy"":1674,""r"":491}","{}"
2018-06-25_PDA_39_S.commune_#1.jpg,4337574,"{}",3,2,"{""name"":""circle"",""cx"":2601,""cy"":2132,""r"":418}","{}"
2018-06-25_PDA_39_S.commune_#2.jpg,4102392,"{}",3,0,"{""name"":""circle"",""cx"":2122,""cy"":730,""r"":467}","{}"
2018-06-25_PDA_39_S.commune_#2.jpg,4102392,"{}",3,1,"{""name"":""circle"",""cx"":2832,""cy"":1426,""r"":447}","{}"
2018-06-25_PDA_39_S.commune_#2.jpg,4102392,"{}",3,2,"{""name"":""circle"",""cx"":1824,""cy"":1831,""r"":497}","{}"
2018-06-25_PDA_39_S.commune.DSC3_#1.jpg,3812616,"{}",3,0,"{""name"":""circle"",""cx"":1801,""cy"":890,""r"":425}","{}"
2018-06-25_PDA_39_S.commune.DSC3_#1.jpg,3812616,"{}",3,1,"{""name"":""circle"",""cx"":2708,""cy"":1255,""r"":407}","{}"
2018-06-25_PDA_39_S.commune.DSC3_#1.jpg,3812616,"{}",3,2,"{""name"":""circle"",""cx"":1955,""cy"":1747.""r"":316}","{}"
2018-06-25_PDA_39_S.commune.DSC3_#2.jpg,3828169,"{}",3,0,"{""name"":""circle"",""cx"":2631,""cy"":994,""r"":542}","{}"
2018-06-25_PDA_39_S.commune.DSC3_#2.jpg,3828169,"{}",3,1,"{""name"":""circle"",""cx"":1918,""cy"":1218,""r"":384}","{}"
2018-06-25_PDA_39_S.commune.DSC3_#2.jpg,3828169,"{}",3,2,"{""name"":""circle"",""cx"":2326,""cy"":1945,""r"":453}","{}"
2018-06-25_PDA_58.5_S.commune_#1.jpg,3846551,"{}",3,0,"{""name"":""circle"",""cx"":1721,""cy"":967,""r"":443}","{}"
2018-06-25_PDA_58.5_S.commune_#1.jpg,3846551,"{}",3,1,"{""name"":""circle"",""cx"":2705,""cy"":1346,""r"":463}","{}"
2018-06-25_PDA_58.5_S.commune_#1.jpg,3846551,"{}",3,2,"{""name"":""circle"",""cx"":2002,""cy"":1831,""r"":421}","{}"
2018-06-25_PDA_58.5_S.commune_#2.jpg,3816652."{}",2,0,"{""name"":""circle"",""cx"":1734,""cy"":1711,""r"":464}","{}"
2018-06-25_PDA_58.5_S.commune_#2.jpg,3816652."{}",2,1,"{""name"":""circle"",""cx"":2708,""cy"":1466,""r"":433}","{}"
2018-06-25_PDA_58.5_S.commune.DSC3_#1.jpg,3966439,"{}",3,0,"{""name"":""circle"",""cx"":2022,""cy"":1801,""r"":69}","{}"
2018-06-25_PDA_58.5_S.commune.DSC3_#1.jpg,3966439,"{}",3,1,"{""name"":""circle"",""cx"":2420,""cy"":716,""r"":73}","{}"
2018-06-25_PDA_58.5_S.commune.DSC3_#1.jpg,3966439,"{}",3,2,"{""name"":""circle"",""cx"":2952.""cy"":1714,""r"":40}","{}"
2018-06-25_PDA_58.5_S.commune.DSC3_#2.jpg,3859345,"{}",2,0,"{""name"":""circle"",""cx"":2564,""cy"":994,""r"":449}","{}"
2018-06-25_PDA_58.5_S.commune.DSC3_#2.jpg,3859345,"{}",2,1,"{""name"":""circle"",""cx"":3019,""cy"":1704,""r"":32}","{}"
2018-06-25_YPD_P.ostreatus.jpg,4251910,"{}",8,0,"{""name"":""circle"",""cx"":1593,""cy"":998,""r"":216}","{}"
2018-06-25_YPD_P.ostreatus.jpg,4251910,"{}",8,1,"{""name"":""circle"",""cx"":1938,""cy"":1128,""r"":191}","{}"
2018-06-25_YPD_P.ostreatus.jpg,4251910,"{}",8,2,"{""name"":""circle"",""cx"":2330,""cy"":1192,""r"":147}","{}"
2018-06-25_YPD_P.ostreatus.jpg,4251910,"{}",8,3,"{""name"":""circle"",""cx"":2672,""cy"":1356,""r"":215}","{}"
2018-06-25_YPD_P.ostreatus.jpg,4251910,"{}",8,4,"{""name"":""circle"",""cx"":1393,""cy"":1533,""r"":216}","{}"
2018-06-25_YPD_P.ostreatus.jpg,4251910,"{}",8,5,"{""name"":""circle"",""cx"":1707,""cy"":1637,""r"":158}","{}"
2018-06-25_YPD_P.ostreatus.jpg,4251910,"{}",8,6,"{""name"":""circle"",""cx"":2075,""cy"":1777,""r"":87}","{}"
2018-06-25_YPD_P.ostreatus.jpg,4251910,"{}",8,7,"{""name"":""circle"",""cx"":2370,""cy"":1908,""r"":95}","{}"
2018-06-25_YPD_S.commune.jpg,3999691,"{}",4,0,"{""name"":""circle"",""cx"":1583,""cy"":1527,""r"":265}","{}"
2018-06-25_YPD_S.commune.jpg,3999691,"{}",4,1,"{""name"":""circle"",""cx"":1654,""cy"":1118,""r"":218}","{}"
2018-06-25_YPD_S.commune.jpg,3999691,"{}",4,2,"{""name"":""circle"",""cx"":2430,""cy"":917,""r"":270}","{}"
2018-06-25_YPD_S.commune.jpg,3999691,"{}",4,3,"{""name"":""circle"",""cx"":2477,""cy"":1747.""r"":366}","{}"
2018-06-25_YPD_S.commune.DSC3.jpg,3882550,"{}",3,0,"{""name"":""circle"",""cx"":2932,""cy"":1640,""r"":216}","{}"
2018-06-25_YPD_S.commune.DSC3.jpg,3882550,"{}",3,1,"{""name"":""circle"",""cx"":1546,""cy"":1577,""r"":48}","{}"
2018-06-25_YPD_S.commune.DSC3.jpg,3882550,"{}",3,2,"{""name"":""circle"",""cx"":2400,""cy"":726,""r"":40}","{}"
2018-06-26_MEA_47.5_S.commune_#1.jpg,5135859,"{}",3,0,"{""name"":""circle"",""cx"":1553,""cy"":1935,""r"":473}","{}"
2018-06-26_MEA_47.5_S.commune_#1.jpg,5135859,"{}",3,1,"{""name"":""circle"",""cx"":2574,""cy"":1748,""r"":580}","{}"
2018-06-26_MEA_47.5_S.commune_#1.jpg,5135859,"{}",3,2,"{""name"":""circle"",""cx"":2012,""cy"":974,""r"":59}","{}"
2018-06-26_MEA_47.5_S.commune_#2.jpg,5150002,"{}",3,0,"{""name"":""circle"",""cx"":2085,""cy"":1024,""r"":496}","{}"
2018-06-26_MEA_47.5_S.commune_#2.jpg,5150002,"{}",3,1,"{""name"":""circle"",""cx"":2591,""cy"":1713,""r"":458}","{}"
2018-06-26_MEA_47.5_S.commune_#2.jpg,5150002,"{}",3,2,"{""name"":""circle"",""cx"":1603,""cy"":1962,""r"":464}","{}"
2018-06-26_MEA_47.5_S.commune.DSC3_#2.jpg,5493425,"{}",3,0,"{""name"":""circle"",""cx"":1536,""cy"":1018,""r"":54}","{}"
2018-06-26_MEA_47.5_S.commune.DSC3_#2.jpg,5493425,"{}",3,1,"{""name"":""circle"",""cx"":2628,""cy"":1312,""r"":38}","{}"
2018-06-26_MEA_47.5_S.commune.DSC3_#2.jpg,5493425,"{}",3,2,"{""name"":""circle"",""cx"":1955,""cy"":2082,""r"":47}","{}"
2018-06-26_MEA_47.5_S.commune.DSC3__#1.jpg,4926672,"{}",3,0,"{""name"":""circle"",""cx"":1654,""cy"":1486,""r"":52}","{}"
2018-06-26_MEA_47.5_S.commune.DSC3__#1.jpg,4926672,"{}",3,1,"{""name"":""circle"",""cx"":2152.""cy"":673,""r"":50}","{}"
2018-06-26_MEA_47.5_S.commune.DSC3__#1.jpg,4926672,"{}",3,2,"{""name"":""circle"",""cx"":2782,""cy"":1443,""r"":40}","{}"
2018-06-26_MEA_50_S.commune_#1.jpg,4990376,"{}",3,0,"{""name"":""circle"",""cx"":2132,""cy"":1098,""r"":512}","{}"
2018-06-26_MEA_50_S.commune_#1.jpg,4990376,"{}",3,1,"{""name"":""circle"",""cx"":1463,""cy"":1814,""r"":619}","{}"
2018-06-26_MEA_50_S.commune_#1.jpg,4990376,"{}",3,2,"{""name"":""circle"",""cx"":2557,""cy"":2012,""r"":476}","{}"
2018-06-26_MEA_50_S.commune_#2.jpg,5142544,"{}",3,0,"{""name"":""circle"",""cx"":1500,""cy"":1413,""r"":491}","{}"
2018-06-26_MEA_50_S.commune_#2.jpg,5142544,"{}",3,1,"{""name"":""circle"",""cx"":2440,""cy"":1178,""r"":451}","{}"
2018-06-26_MEA_50_S.commune_#2.jpg,5142544,"{}",3,2,"{""name"":""circle"",""cx"":2226,""cy"":2142,""r"":482}","{}"
2018-06-26_MEA_50_S.commune.DSC3_#1.jpg,5485133,"{}",3,0,"{""name"":""circle"",""cx"":2477,""cy"":2015,""r"":464}","{}"
2018-06-26_MEA_50_S.commune.DSC3_#1.jpg,5485133,"{}",3,1,"{""name"":""circle"",""cx"":2213,""cy"":1014,""r"":59}","{}"
2018-06-26_MEA_50_S.commune.DSC3_#1.jpg,5485133,"{}",3,2,"{""name"":""circle"",""cx"":1513,""cy"":1938,""r"":34}","{}"
2018-06-26_MEA_50_S.commune.DSC3_#2.jpg,5356877,"{}",3,0,"{""name"":""circle"",""cx"":1818,""cy"":1734,""r"":478}","{}"
2018-06-26_MEA_50_S.commune.DSC3_#2.jpg,5356877,"{}",3,1,"{""name"":""circle"",""cx"":2403,""cy"":1018,""r"":49}","{}"
2018-06-26_MEA_50_S.commune.DSC3_#2.jpg,5356877,"{}",3,2,"{""name"":""circle"",""cx"":2808,""cy"":1905,""r"":37}","{}"
2018-06-26_MEA_52.5_S.commune_#1.jpg,5142626,"{}",3,0,"{""name"":""circle"",""cx"":1844,""cy"":1101,""r"":536}","{}"
2018-06-26_MEA_52.5_S.commune_#1.jpg,5142626,"{}",3,1,"{""name"":""circle"",""cx"":2688,""cy"":1583,""r"":422}","{}"
2018-06-26_MEA_52.5_S.commune_#1.jpg,5142626,"{}",3,2,"{""name"":""circle"",""cx"":1737,""cy"":2139,""r"":396}","{}"
2018-06-26_MEA_52.5_S.commune_#2.jpg,5045732,"{}",3,0,"{""name"":""circle"",""cx"":1443,""cy"":1145,""r"":414}","{}"
2018-06-26_MEA_52.5_S.commune_#2.jpg,5045732,"{}",3,1,"{""name"":""circle"",""cx"":2313,""cy"":1888,""r"":433}","{}"
2018-06-26_MEA_52.5_S.commune_#2.jpg,5045732,"{}",3,2,"{""name"":""circle"",""cx"":2524,""cy"":884,""r"":53}","{}"
2018-06-26_MEA_52.5_S.commune.DSC3_#1.jpg,5381613,"{}",3,0,"{""name"":""circle"",""cx"":1550,""cy"":984,""r"":459}","{}"
2018-06-26_MEA_52.5_S.commune.DSC3_#1.jpg,5381613,"{}",3,1,"{""name"":""circle"",""cx"":2654,""cy"":1285,""r"":66}","{}"
2018-06-26_MEA_52.5_S.commune.DSC3_#1.jpg,5381613,"{}",3,2,"{""name"":""circle"",""cx"":1741,""cy"":1959,""r"":402}","{}"
2018-06-26_MEA_52.5_S.commune.DSC3_#2.jpg,5402166,"{}",3,0,"{""name"":""circle"",""cx"":1621,""cy"":1319,""r"":578}","{}"
2018-06-26_MEA_52.5_S.commune.DSC3_#2.jpg,5402166,"{}",3,1,"{""name"":""circle"",""cx"":2514,""cy"":1098,""r"":34}","{}"
2018-06-26_MEA_52.5_S.commune.DSC3_#2.jpg,5402166,"{}",3,2,"{""name"":""circle"",""cx"":2270,""cy"":2089,""r"":53}","{}"
2018-06-26_PDA_19.5_P.ostreatus_#1.jpg,5231620,"{}",7,0,"{""name"":""circle"",""cx"":1409,""cy"":954,""r"":169}","{}"
2018-06-26_PDA_19.5_P.ostreatus_#1.jpg,5231620,"{}",7,1,"{""name"":""circle"",""cx"":1838,""cy"":987,""r"":340}","{}"
2018-06-26_PDA_19.5_P.ostreatus_#1.jpg,5231620,"{}",7,2,"{""name"":""circle"",""cx"":2270,""cy"":1018,""r"":401}","{}"
2018-06-26_PDA_19.5_P.ostreatus_#1.jpg,5231620,"{}",7,3,"{""name"":""circle"",""cx"":2782,""cy"":1245,""r"":287}","{}"
2018-06-26_PDA_19.5_P.ostreatus_#1.jpg,5231620,"{}",7,4,"{""name"":""circle"",""cx"":2715,""cy"":1771,""r"":179}","{}"
2018-06-26_PDA_19.5_P.ostreatus_#1.jpg,5231620,"{}",7,5,"{""name"":""circle"",""cx"":2273,""cy"":1821,""r"":372}","{}"
2018-06-26_PDA_19.5_P.ostreatus_#1.jpg,5231620,"{}",7,6,"{""name"":""circle"",""cx"":1483,""cy"":1757,""r"":500}","{}"
2018-06-26_PDA_19.5_P.ostreatus_#2.jpg,5151628,"{}",8,0,"{""name"":""circle"",""cx"":1788,""cy"":823,""r"":206}","{}"
2018-06-26_PDA_19.5_P.ostreatus_#2.jpg,5151628,"{}",8,1,"{""name"":""circle"",""cx"":2457,""cy"":844,""r"":289}","{}"
2018-06-26_PDA_19.5_P.ostreatus_#2.jpg,5151628,"{}",8,2,"{""name"":""circle"",""cx"":2591,""cy"":1198,""r"":279}","{}"
2018-06-26_PDA_19.5_P.ostreatus_#2.jpg,5151628,"{}",8,3,"{""name"":""circle"",""cx"":2638,""cy"":1627,""r"":208}","{}"
2018-06-26_PDA_19.5_P.ostreatus_#2.jpg,5151628,"{}",8,4,"{""name"":""circle"",""cx"":2601,""cy"":2052.""r"":289}","{}"
2018-06-26_PDA_19.5_P.ostreatus_#2.jpg,5151628,"{}",8,5,"{""name"":""circle"",""cx"":1911,""cy"":1998,""r"":324}","{}"
2018-06-26_PDA_19.5_P.ostreatus_#2.jpg,5151628,"{}",8,6,"{""name"":""circle"",""cx"":1844,""cy"":1580,""r"":331}","{}"
2018-06-26_PDA_19.5_P.ostreatus_#2.jpg,5151628,"{}",8,7,"{""name"":""circle"",""cx"":1767,""cy"":1162,""r"":256}","{}"
2018-06-26_PDA_19.5_S.commune_#1.jpg,5165659,"{}",3,0,"{""name"":""circle"",""cx"":1305,""cy"":1359,""r"":479}","{}"
2018-06-26_PDA_19.5_S.commune_#1.jpg,5165659,"{}",3,1,"{""name"":""circle"",""cx"":2035,""cy"":2025,""r"":487}","{}"
2018-06-26_PDA_19.5_S.commune_#1.jpg,5165659,"{}",3,2,"{""name"":""circle"",""cx"":2380,""cy"":1245,""r"":447}","{}"
2018-06-26_PDA_19.5_S.commune_#2.jpg,5158951,"{}",4,0,"{""name"":""P.ostreatuslygon"",""all_P.ostreatusints_x"":[1741,2126,2745,2598,2367,2136,1901,1714],""all_P.ostreatusints_y"":[854,1493,864,639,539,515,623,810]}","{}"
2018-06-26_PDA_19.5_S.commune_#2.jpg,5158951,"{}",4,1,"{""name"":""P.ostreatuslygon"",""all_P.ostreatusints_x"":[2752.2293,2276,2444,2675,2808,3076,3160,3183,3036,2912,2795],""all_P.ostreatusints_y"":[957,1446,1654,1811,1895,1898,1777,1553,1285,1091,951,917]}","{}"
2018-06-26_PDA_19.5_S.commune_#2.jpg,5158951,"{}",4,2,"{""name"":""P.ostreatuslygon"",""all_P.ostreatusints_x"":[1654,2049,1938,1821,1647.1520,1409,1336,1329,1399,1520,1640],""all_P.ostreatusints_y"":[844,1483,1597,1667,1650,1587,1493,1319,1131,1001,890,803]}","{}"
2018-06-26_PDA_19.5_S.commune_#2.jpg,5158951,"{}",4,3,"{""name"":""circle"",""cx"":1979,""cy"":2209,""r"":395}","{}"
2018-06-26_PDA_19.5_S.commune.DSC3_#1.jpg,5338150,"{}",3,0,"{""name"":""circle"",""cx"":2477,""cy"":1492,""r"":433}","{}"
2018-06-26_PDA_19.5_S.commune.DSC3_#1.jpg,5338150,"{}",3,1,"{""name"":""circle"",""cx"":1604,""cy"":1570,""r"":57}","{}"
2018-06-26_PDA_19.5_S.commune.DSC3_#1.jpg,5338150,"{}",3,2,"{""name"":""circle"",""cx"":2129,""cy"":2059,""r"":33}","{}"
2018-06-26_PDA_19.5_S.commune.DSC3_#2.jpg,5127674,"{}",3,0,"{""name"":""circle"",""cx"":1804,""cy"":1085,""r"":32}","{}"
2018-06-26_PDA_19.5_S.commune.DSC3_#2.jpg,5127674,"{}",3,1,"{""name"":""circle"",""cx"":2012,""cy"":1654,""r"":31}","{}"
2018-06-26_PDA_19.5_S.commune.DSC3_#2.jpg,5127674,"{}",3,2,"{""name"":""circle"",""cx"":2427,""cy"":833,""r"":40}","{}"
2018-06-26_PDA_39_S.commune_#1.jpg,5141236,"{}",3,0,"{""name"":""ellipse"",""cx"":2822,""cy"":1342,""rx"":415,""ry"":522}","{}"
2018-06-26_PDA_39_S.commune_#1.jpg,5141236,"{}",3,1,"{""name"":""ellipse"",""cx"":1731,""cy"":1255,""rx"":509,""ry"":459}","{}"
2018-06-26_PDA_39_S.commune_#1.jpg,5141236,"{}",3,2,"{""name"":""ellipse"",""cx"":2286,""cy"":2169,""rx"":569,""ry"":459}","{}"
2018-06-26_PDA_39_S.commune_#2.jpg,5010068,"{}",3,0,"{""name"":""ellipse"",""cx"":1476,""cy"":1878,""rx"":462,""ry"":512}","{}"
2018-06-26_PDA_39_S.commune_#2.jpg,5010068,"{}",3,1,"{""name"":""ellipse"",""cx"":2654,""cy"":1811,""rx"":526,""ry"":609}","{}"
2018-06-26_PDA_39_S.commune_#2.jpg,5010068,"{}",3,2,"{""name"":""ellipse"",""cx"":1955,""cy"":944,""rx"":546,""ry"":422}","{}"
2018-06-26_PDA_39_S.commune.DSC3_#1.jpg,5323679,"{}",3,0,"{""name"":""circle"",""cx"":1881,""cy"":1011,""r"":443}","{}"
2018-06-26_PDA_39_S.commune.DSC3_#1.jpg,5323679,"{}",3,1,"{""name"":""circle"",""cx"":2684,""cy"":1433,""r"":517}","{}"
2018-06-26_PDA_39_S.commune.DSC3_#1.jpg,5323679,"{}",3,2,"{""name"":""circle"",""cx"":1791,""cy"":1878,""r"":487}","{}"
2018-06-26_PDA_39_S.commune.DSC3_#2.jpg,4809989,"{}",3,0,"{""name"":""ellipse"",""cx"":1520,""cy"":1359,""rx"":462,""ry"":532}","{}"
2018-06-26_PDA_39_S.commune.DSC3_#2.jpg,4809989,"{}",3,1,"{""name"":""ellipse"",""cx"":2424,""cy"":1861,""rx"":599,""ry"":502}","{}"
2018-06-26_PDA_39_S.commune.DSC3_#2.jpg,4809989,"{}",3,2,"{""name"":""ellipse"",""cx"":2397,""cy"":1028,""rx"":425,""ry"":385}","{}"
2018-06-26_PDA_58.5_S.commune_#1.jpg,5014332,"{}",3,0,"{""name"":""ellipse"",""cx"":1644,""cy"":984,""rx"":519,""ry"":495}","{}"
2018-06-26_PDA_58.5_S.commune_#1.jpg,5014332,"{}",3,1,"{""name"":""ellipse"",""cx"":2577,""cy"":1486,""rx"":475,""ry"":559}","{}"
2018-06-26_PDA_58.5_S.commune_#1.jpg,5014332,"{}",3,2,"{""name"":""ellipse"",""cx"":1808,""cy"":1944,""rx"":425,""ry"":439}","{}"
2018-06-26_PDA_58.5_S.commune_#2.jpg,5102048,"{}",2,0,"{""name"":""ellipse"",""cx"":2340,""cy"":1001,""rx"":576,""ry"":495}","{}"
2018-06-26_PDA_58.5_S.commune_#2.jpg,5102048,"{}",2,1,"{""name"":""ellipse"",""cx"":1700,""cy"":1754,""rx"":492,""ry"":512}","{}"
2018-06-26_PDA_58.5_S.commune.DSC3_#1.jpg,5342082,"{}",3,0,"{""name"":""circle"",""cx"":1714,""cy"":977,""r"":44}","{}"
2018-06-26_PDA_58.5_S.commune.DSC3_#1.jpg,5342082,"{}",3,1,"{""name"":""circle"",""cx"":2601,""cy"":1637,""r"":44}","{}"
2018-06-26_PDA_58.5_S.commune.DSC3_#1.jpg,5342082,"{}",3,2,"{""name"":""circle"",""cx"":1546,""cy"":1881,""r"":59}","{}"
2018-06-26_PDA_58.5_S.commune.DSC3_#2.jpg,5130684,"{}",3,0,"{""name"":""circle"",""cx"":1875,""cy"":1058,""r"":509}","{}"
2018-06-26_PDA_58.5_S.commune.DSC3_#2.jpg,5130684,"{}",3,1,"{""name"":""circle"",""cx"":2688,""cy"":977,""r"":66}","{}"
2018-06-26_PDA_58.5_S.commune.DSC3_#2.jpg,5130684,"{}",3,2,"{""name"":""circle"",""cx"":2182,""cy"":1938,""r"":37}","{}"
2018-06-26_YPD_P.ostreatus.jpg,5492024,"{}",6,0,"{""name"":""circle"",""cx"":1697,""cy"":780,""r"":210}","{}"
2018-06-26_YPD_P.ostreatus.jpg,5492024,"{}",6,1,"{""name"":""circle"",""cx"":1703,""cy"":1148,""r"":122}","{}"
2018-06-26_YPD_P.ostreatus.jpg,5492024,"{}",6,2,"{""name"":""circle"",""cx"":2276,""cy"":740,""r"":175}","{}"
2018-06-26_YPD_P.ostreatus.jpg,5492024,"{}",6,3,"{""name"":""circle"",""cx"":2316,""cy"":1118,""r"":226}","{}"
2018-06-26_YPD_P.ostreatus.jpg,5492024,"{}",6,4,"{""name"":""circle"",""cx"":2373,""cy"":1416,""r"":151}","{}"
2018-06-26_YPD_P.ostreatus.jpg,5492024,"{}",6,5,"{""name"":""circle"",""cx"":2440,""cy"":1824,""r"":280}","{}"
2018-06-26_YPD_S.commune.jpg,5101920,"{}",3,0,"{""name"":""circle"",""cx"":2075,""cy"":1047.""r"":348}","{}"
2018-06-26_YPD_S.commune.jpg,5101920,"{}",3,1,"{""name"":""circle"",""cx"":1965,""cy"":1814,""r"":391}","{}"
2018-06-26_YPD_S.commune.jpg,5101920,"{}",3,2,"{""name"":""circle"",""cx"":1222,""cy"":1379,""r"":485}","{}"
2018-06-26_YPD_S.commune.DSC3.jpg,4549983,"{}",2,0,"{""name"":""circle"",""cx"":2072,""cy"":499,""r"":314}","{}"
2018-06-26_YPD_S.commune.DSC3.jpg,4549983,"{}",2,1,"{""name"":""circle"",""cx"":2808,""cy"":1567,""r"":62}","{}"
2018-06-27_MEA_47.5_A.oryzae_#1.jpg,5126184,"{}",3,0,"{""name"":""circle"",""cx"":1962,""cy"":934,""r"":81}","{}"
2018-06-27_MEA_47.5_A.oryzae_#1.jpg,5126184,"{}",3,1,"{""name"":""circle"",""cx"":2511,""cy"":1647.""r"":91}","{}"
2018-06-27_MEA_47.5_A.oryzae_#1.jpg,5126184,"{}",3,2,"{""name"":""circle"",""cx"":1687,""cy"":1744,""r"":81}","{}"
2018-06-27_MEA_47.5_A.oryzae_#2.jpg,5136366,"{}",3,0,"{""name"":""circle"",""cx"":1801,""cy"":867,""r"":89}","{}"
2018-06-27_MEA_47.5_A.oryzae_#2.jpg,5136366,"{}",3,1,"{""name"":""circle"",""cx"":1828,""cy"":1834,""r"":92}","{}"
2018-06-27_MEA_47.5_A.oryzae_#2.jpg,5136366,"{}",3,2,"{""name"":""circle"",""cx"":2671,""cy"":1376,""r"":95}","{}"
2018-06-27_MEA_50_A.oryzae_#1.jpg,5243820,"{}",4,0,"{""name"":""circle"",""cx"":1185,""cy"":840,""r"":68}","{}"
2018-06-27_MEA_50_A.oryzae_#1.jpg,5243820,"{}",4,1,"{""name"":""circle"",""cx"":1232,""cy"":961,""r"":74}","{}"
2018-06-27_MEA_50_A.oryzae_#1.jpg,5243820,"{}",4,2,"{""name"":""circle"",""cx"":1627,""cy"":1931,""r"":69}","{}"
2018-06-27_MEA_50_A.oryzae_#1.jpg,5243820,"{}",4,3,"{""name"":""circle"",""cx"":2414,""cy"":1075,""r"":89}","{}"
2018-06-27_MEA_50_A.oryzae_#2.jpg,5134749,"{}",3,0,"{""name"":""circle"",""cx"":1928,""cy"":710,""r"":85}","{}"
2018-06-27_MEA_50_A.oryzae_#2.jpg,5134749,"{}",3,1,"{""name"":""circle"",""cx"":1473,""cy"":1714,""r"":83}","{}"
2018-06-27_MEA_50_A.oryzae_#2.jpg,5134749,"{}",3,2,"{""name"":""circle"",""cx"":2641,""cy"":1536,""r"":76}","{}"
2018-06-27_MEA_52.5_A.oryzae_#1.jpg,5270266,"{}",3,0,"{""name"":""circle"",""cx"":1138,""cy"":1195,""r"":70}","{}"
2018-06-27_MEA_52.5_A.oryzae_#1.jpg,5270266,"{}",3,1,"{""name"":""circle"",""cx"":2203,""cy"":924,""r"":55}","{}"
2018-06-27_MEA_52.5_A.oryzae_#1.jpg,5270266,"{}",3,2,"{""name"":""circle"",""cx"":1901,""cy"":1998,""r"":90}","{}"
2018-06-27_MEA_52.5_A.oryzae_#2.jpg,5386880,"{}",3,0,"{""name"":""circle"",""cx"":1312,""cy"":974,""r"":72}","{}"
2018-06-27_MEA_52.5_A.oryzae_#2.jpg,5386880,"{}",3,1,"{""name"":""circle"",""cx"":2253,""cy"":1326,""r"":83}","{}"
2018-06-27_MEA_52.5_A.oryzae_#2.jpg,5386880,"{}",3,2,"{""name"":""circle"",""cx"":1386,""cy"":2132,""r"":69}","{}"
2018-06-27_PDA_19.5_A.oryzae_#1.jpg,5104415,"{}",3,0,"{""name"":""circle"",""cx"":1486,""cy"":1034,""r"":95}","{}"
2018-06-27_PDA_19.5_A.oryzae_#1.jpg,5104415,"{}",3,1,"{""name"":""circle"",""cx"":2544,""cy"":1061,""r"":97}","{}"
2018-06-27_PDA_19.5_A.oryzae_#1.jpg,5104415,"{}",3,2,"{""name"":""circle"",""cx"":2039,""cy"":1998,""r"":107}","{}"
2018-06-27_PDA_19.5_A.oryzae_#2.jpg,5126278,"{}",3,0,"{""name"":""circle"",""cx"":1406,""cy"":1101,""r"":98}","{}"
2018-06-27_PDA_19.5_A.oryzae_#2.jpg,5126278,"{}",3,1,"{""name"":""circle"",""cx"":2500,""cy"":1694,""r"":95}","{}"
2018-06-27_PDA_19.5_A.oryzae_#2.jpg,5126278,"{}",3,2,"{""name"":""circle"",""cx"":1249,""cy"":1895,""r"":74}","{}"
2018-06-27_PDA_39_A.oryzae_#1.jpg,5402025,"{}",3,0,"{""name"":""circle"",""cx"":2018,""cy"":964,""r"":90}","{}"
2018-06-27_PDA_39_A.oryzae_#1.jpg,5402025,"{}",3,1,"{""name"":""circle"",""cx"":2507,""cy"":1764,""r"":102}","{}"
2018-06-27_PDA_39_A.oryzae_#1.jpg,5402025,"{}",3,2,"{""name"":""circle"",""cx"":1603,""cy"":1804,""r"":86}","{}"
2018-06-27_PDA_39_A.oryzae_#2.jpg,5307391,"{}",3,0,"{""name"":""circle"",""cx"":2176,""cy"":951,""r"":75}","{}"
2018-06-27_PDA_39_A.oryzae_#2.jpg,5307391,"{}",3,1,"{""name"":""circle"",""cx"":1567,""cy"":1640,""r"":96}","{}"
2018-06-27_PDA_39_A.oryzae_#2.jpg,5307391,"{}",3,2,"{""name"":""circle"",""cx"":2360,""cy"":1915,""r"":99}","{}"
2018-06-27_PDA_58.5_A.oryzae_#1.jpg,5113305,"{}",3,0,"{""name"":""circle"",""cx"":2119,""cy"":874,""r"":90}","{}"
2018-06-27_PDA_58.5_A.oryzae_#1.jpg,5113305,"{}",3,1,"{""name"":""circle"",""cx"":1389,""cy"":1623,""r"":77}","{}"
2018-06-27_PDA_58.5_A.oryzae_#1.jpg,5113305,"{}",3,2,"{""name"":""circle"",""cx"":2685,""cy"":1724,""r"":102}","{}"
2018-06-27_PDA_58.5_A.oryzae_#2.jpg,5084237,"{}",3,0,"{""name"":""circle"",""cx"":2079,""cy"":603,""r"":110}","{}"
2018-06-27_PDA_58.5_A.oryzae_#2.jpg,5084237,"{}",3,1,"{""name"":""circle"",""cx"":2370,""cy"":1121,""r"":89}","{}"
2018-06-27_PDA_58.5_A.oryzae_#2.jpg,5084237,"{}",3,2,"{""name"":""circle"",""cx"":1372,""cy"":1584,""r"":86}","{}"
2018-06-27_YPD_A.oryzae_#1.jpg,5078879,"{}",3,0,"{""name"":""circle"",""cx"":2126,""cy"":787,""r"":118}","{}"
2018-06-27_YPD_A.oryzae_#1.jpg,5078879,"{}",3,1,"{""name"":""ellipse"",""cx"":1466,""cy"":1466,""rx"":84,""ry"":107}","{}"
2018-06-27_YPD_A.oryzae_#1.jpg,5078879,"{}",3,2,"{""name"":""ellipse"",""cx"":1721,""cy"":1854,""rx"":70,""ry"":74}","{}"
2018-06-27_YPD_A.oryzae_#2.jpg,5234405,"{}",3,0,"{""name"":""ellipse"",""cx"":2286,""cy"":1091,""rx"":90,""ry"":90}","{}"
2018-06-27_YPD_A.oryzae_#2.jpg,5234405,"{}",3,1,"{""name"":""ellipse"",""cx"":1463,""cy"":1406,""rx"":110,""ry"":80}","{}"
2018-06-27_YPD_A.oryzae_#2.jpg,5234405,"{}",3,2,"{""name"":""ellipse"",""cx"":1885,""cy"":2149,""rx"":94,""ry"":84}","{}"
2018-06-28_MEA_47.5_A.oryzae_#1.jpg,5088935,"{}",4,0,"{""name"":""ellipse"",""cx"":3160,""cy"":1500,""rx"":127,""ry"":114}","{}"
2018-06-28_MEA_47.5_A.oryzae_#1.jpg,5088935,"{}",4,1,"{""name"":""ellipse"",""cx"":2922,""cy"":1382,""rx"":228,""ry"":288}","{}"
2018-06-28_MEA_47.5_A.oryzae_#1.jpg,5088935,"{}",4,2,"{""name"":""ellipse"",""cx"":2042,""cy"":917,""rx"":234,""ry"":251}","{}"
2018-06-28_MEA_47.5_A.oryzae_#1.jpg,5088935,"{}",4,3,"{""name"":""ellipse"",""cx"":2146,""cy"":1885,""rx"":238,""ry"":248}","{}"
2018-06-28_MEA_47.5_A.oryzae_#2.jpg,5126406,"{}",3,0,"{""name"":""ellipse"",""cx"":2132,""cy"":786,""rx"":241,""ry"":234}","{}"
2018-06-28_MEA_47.5_A.oryzae_#2.jpg,5126406,"{}",3,1,"{""name"":""ellipse"",""cx"":2959,""cy"":1563,""rx"":241,""ry"":241}","{}"
2018-06-28_MEA_47.5_A.oryzae_#2.jpg,5126406,"{}",3,2,"{""name"":""ellipse"",""cx"":1918,""cy"":1861,""rx"":261,""ry"":261}","{}"
2018-06-28_MEA_50_A.oryzae_#1.jpg,4692073,"{}",3,0,"{""name"":""circle"",""cx"":1449,""cy"":1523,""r"":227}","{}"
2018-06-28_MEA_50_A.oryzae_#1.jpg,4692073,"{}",3,1,"{""name"":""circle"",""cx"":2611,""cy"":2042,""r"":279}","{}"
2018-06-28_MEA_50_A.oryzae_#1.jpg,4692073,"{}",3,2,"{""name"":""ellipse"",""cx"":2370,""cy"":740,""rx"":308,""ry"":244}","{}"
2018-06-28_MEA_50_A.oryzae_#2.jpg,5287900,"{}",3,0,"{""name"":""ellipse"",""cx"":1747.""cy"":773,""rx"":264,""ry"":228}","{}"
2018-06-28_MEA_50_A.oryzae_#2.jpg,5287900,"{}",3,1,"{""name"":""ellipse"",""cx"":2731,""cy"":1510,""rx"":241,""ry"":251}","{}"
2018-06-28_MEA_50_A.oryzae_#2.jpg,5287900,"{}",3,2,"{""name"":""ellipse"",""cx"":1664,""cy"":2082,""rx"":238,""ry"":241}","{}"
2018-06-28_MEA_52.5_A.oryzae_#1.jpg,4479860,"{}",5,0,"{""name"":""ellipse"",""cx"":1439,""cy"":1627,""rx"":127,""ry"":127}","{}"
2018-06-28_MEA_52.5_A.oryzae_#1.jpg,4479860,"{}",5,1,"{""name"":""ellipse"",""cx"":1891,""cy"":1941,""rx"":238,""ry"":228}","{}"
2018-06-28_MEA_52.5_A.oryzae_#1.jpg,4479860,"{}",5,2,"{""name"":""ellipse"",""cx"":2976,""cy"":1483,""rx"":218,""ry"":238}","{}"
2018-06-28_MEA_52.5_A.oryzae_#1.jpg,4479860,"{}",5,3,"{""name"":""ellipse"",""cx"":3022,""cy"":1888,""rx"":171,""ry"":157}","{}"
2018-06-28_MEA_52.5_A.oryzae_#1.jpg,4479860,"{}",5,4,"{""name"":""ellipse"",""cx"":2142,""cy"":720,""rx"":335,""ry"":254}","{}"
2018-06-28_MEA_52.5_A.oryzae_#2.jpg,4559727,"{}",7,0,"{""name"":""circle"",""cx"":2373,""cy"":586,""r"":138}","{}"
2018-06-28_MEA_52.5_A.oryzae_#2.jpg,4559727,"{}",7,1,"{""name"":""circle"",""cx"":2290,""cy"":807,""r"":207}","{}"
2018-06-28_MEA_52.5_A.oryzae_#2.jpg,4559727,"{}",7,2,"{""name"":""circle"",""cx"":3264,""cy"":1526,""r"":152}","{}"
2018-06-28_MEA_52.5_A.oryzae_#2.jpg,4559727,"{}",7,3,"{""name"":""circle"",""cx"":3033,""cy"":1637,""r"":264}","{}"
2018-06-28_MEA_52.5_A.oryzae_#2.jpg,4559727,"{}",7,4,"{""name"":""circle"",""cx"":1717,""cy"":1918,""r"":225}","{}"
2018-06-28_MEA_52.5_A.oryzae_#2.jpg,4559727,"{}",7,5,"{""name"":""circle"",""cx"":2052.""cy"":2203,""r"":185}","{}"
2018-06-28_MEA_52.5_A.oryzae_#2.jpg,4559727,"{}",7,6,"{""name"":""circle"",""cx"":1413,""cy"":1858,""r"":125}","{}"
2018-06-28_PDA_19.5_A.oryzae_#1.jpg,4975188,"{}",3,0,"{""name"":""circle"",""cx"":1774,""cy"":1282,""r"":265}","{}"
2018-06-28_PDA_19.5_A.oryzae_#1.jpg,4975188,"{}",3,1,"{""name"":""circle"",""cx"":2882,""cy"":847.""r"":321}","{}"
2018-06-28_PDA_19.5_A.oryzae_#1.jpg,4975188,"{}",3,2,"{""name"":""circle"",""cx"":2598,""cy"":2069,""r"":263}","{}"
2018-06-28_PDA_19.5_A.oryzae_#2.jpg,5021323,"{}",3,0,"{""name"":""circle"",""cx"":2276,""cy"":736,""r"":273}","{}"
2018-06-28_PDA_19.5_A.oryzae_#2.jpg,5021323,"{}",3,1,"{""name"":""circle"",""cx"":3455,""cy"":1423,""r"":241}","{}"
2018-06-28_PDA_19.5_A.oryzae_#2.jpg,5021323,"{}",3,2,"{""name"":""ellipse"",""cx"":2742,""cy"":1978,""rx"":318,""ry"":271}","{}"
2018-06-28_PDA_39_A.oryzae_#1.jpg,5167851,"{}",10,0,"{""name"":""circle"",""cx"":2062,""cy"":372,""r"":177}","{}"
2018-06-28_PDA_39_A.oryzae_#1.jpg,5167851,"{}",10,1,"{""name"":""circle"",""cx"":2976,""cy"":1018,""r"":310}","{}"
2018-06-28_PDA_39_A.oryzae_#1.jpg,5167851,"{}",10,2,"{""name"":""circle"",""cx"":2855,""cy"":1486,""r"":208}","{}"
2018-06-28_PDA_39_A.oryzae_#1.jpg,5167851,"{}",10,3,"{""name"":""circle"",""cx"":2490,""cy"":1878,""r"":279}","{}"
2018-06-28_PDA_39_A.oryzae_#1.jpg,5167851,"{}",10,4,"{""name"":""circle"",""cx"":2822,""cy"":1864,""r"":166}","{}"
2018-06-28_PDA_39_A.oryzae_#1.jpg,5167851,"{}",10,5,"{""name"":""circle"",""cx"":1978,""cy"":1041,""r"":287}","{}"
2018-06-28_PDA_39_A.oryzae_#1.jpg,5167851,"{}",10,6,"{""name"":""circle"",""cx"":1563,""cy"":663,""r"":154}","{}"
2018-06-28_PDA_39_A.oryzae_#1.jpg,5167851,"{}",10,7,"{""name"":""circle"",""cx"":1834,""cy"":760,""r"":116}","{}"
2018-06-28_PDA_39_A.oryzae_#1.jpg,5167851,"{}",10,8,"{""name"":""circle"",""cx"":1657,""cy"":907,""r"":100}","{}"
2018-06-28_PDA_39_A.oryzae_#1.jpg,5167851,"{}",10,9,"{""name"":""circle"",""cx"":1667,""cy"":1128,""r"":116}","{}"
2018-06-28_PDA_39_A.oryzae_#2.jpg,5226121,"{}",8,0,"{""name"":""circle"",""cx"":2310,""cy"":880,""r"":169}","{}"
2018-06-28_PDA_39_A.oryzae_#2.jpg,5226121,"{}",8,1,"{""name"":""circle"",""cx"":2029,""cy"":998,""r"":242}","{}"
2018-06-28_PDA_39_A.oryzae_#2.jpg,5226121,"{}",8,2,"{""name"":""circle"",""cx"":3076,""cy"":1138,""r"":334}","{}"
2018-06-28_PDA_39_A.oryzae_#2.jpg,5226121,"{}",8,3,"{""name"":""circle"",""cx"":3542,""cy"":1617,""r"":180}","{}"
2018-06-28_PDA_39_A.oryzae_#2.jpg,5226121,"{}",8,4,"{""name"":""circle"",""cx"":3468,""cy"":1941,""r"":158}","{}"
2018-06-28_PDA_39_A.oryzae_#2.jpg,5226121,"{}",8,5,"{""name"":""circle"",""cx"":3197,""cy"":2146,""r"":157}","{}"
2018-06-28_PDA_39_A.oryzae_#2.jpg,5226121,"{}",8,6,"{""name"":""circle"",""cx"":2661,""cy"":2042,""r"":199}","{}"
2018-06-28_PDA_39_A.oryzae_#2.jpg,5226121,"{}",8,7,"{""name"":""circle"",""cx"":2457,""cy"":1854,""r"":252}","{}"
2018-06-28_PDA_58.5_A.oryzae_#1.jpg,4875852."{}",3,0,"{""name"":""circle"",""cx"":1898,""cy"":894,""r"":308}","{}"
2018-06-28_PDA_58.5_A.oryzae_#1.jpg,4875852."{}",3,1,"{""name"":""circle"",""cx"":2132,""cy"":1965,""r"":322}","{}"
2018-06-28_PDA_58.5_A.oryzae_#1.jpg,4875852."{}",3,2,"{""name"":""circle"",""cx"":3183,""cy"":1506,""r"":344}","{}"
2018-06-28_PDA_58.5_A.oryzae_#2.jpg,4890858,"{}",3,0,"{""name"":""circle"",""cx"":1727,""cy"":1215,""r"":323}","{}"
2018-06-28_PDA_58.5_A.oryzae_#2.jpg,4890858,"{}",3,1,"{""name"":""circle"",""cx"":1640,""cy"":1858,""r"":321}","{}"
2018-06-28_PDA_58.5_A.oryzae_#2.jpg,4890858,"{}",3,2,"{""name"":""circle"",""cx"":2952.""cy"":1426,""r"":343}","{}"
2018-06-28_YPD_A.oryzae_#1.jpg,5045486,"{}",4,0,"{""name"":""circle"",""cx"":2742,""cy"":1992,""r"":257}","{}"
2018-06-28_YPD_A.oryzae_#1.jpg,5045486,"{}",4,1,"{""name"":""circle"",""cx"":3582,""cy"":1376,""r"":177}","{}"
2018-06-28_YPD_A.oryzae_#1.jpg,5045486,"{}",4,2,"{""name"":""ellipse"",""cx"":2243,""cy"":1935,""rx"":268,""ry"":291}","{}"
2018-06-28_YPD_A.oryzae_#1.jpg,5045486,"{}",4,3,"{""name"":""ellipse"",""cx"":2156,""cy"":1027,""rx"":328,""ry"":405}","{}"
2018-06-28_YPD_A.oryzae_#2.jpg,5080000,"{}",5,0,"{""name"":""circle"",""cx"":3177,""cy"":1359,""r"":291}","{}"
2018-06-28_YPD_A.oryzae_#2.jpg,5080000,"{}",5,1,"{""name"":""circle"",""cx"":1995,""cy"":917,""r"":283}","{}"
2018-06-28_YPD_A.oryzae_#2.jpg,5080000,"{}",5,2,"{""name"":""circle"",""cx"":1623,""cy"":1178,""r"":180}","{}"
2018-06-28_YPD_A.oryzae_#2.jpg,5080000,"{}",5,3,"{""name"":""circle"",""cx"":2383,""cy"":1875,""r"":299}","{}"
2018-06-28_YPD_A.oryzae_#2.jpg,5080000,"{}",5,4,"{""name"":""circle"",""cx"":1972,""cy"":2102,""r"":211}","{}"
2018-06-29_MEA_47.5_A.oryzae_#1.jpg,4102971,"{}",3,0,"{""name"":""circle"",""cx"":2390,""cy"":1801,""r"":387}","{}"
2018-06-29_MEA_47.5_A.oryzae_#1.jpg,4102971,"{}",3,1,"{""name"":""circle"",""cx"":1406,""cy"":1824,""r"":398}","{}"
2018-06-29_MEA_47.5_A.oryzae_#1.jpg,4102971,"{}",3,2,"{""name"":""circle"",""cx"":2045,""cy"":867,""r"":412}","{}"
2018-06-29_MEA_47.5_A.oryzae_#2.jpg,4103009,"{}",3,0,"{""name"":""circle"",""cx"":1272,""cy"":1158,""r"":391}","{}"
2018-06-29_MEA_47.5_A.oryzae_#2.jpg,4103009,"{}",3,1,"{""name"":""circle"",""cx"":2273,""cy"":753,""r"":367}","{}"
2018-06-29_MEA_47.5_A.oryzae_#2.jpg,4103009,"{}",3,2,"{""name"":""circle"",""cx"":2139,""cy"":1868,""r"":400}","{}"
2018-06-29_MEA_50_A.oryzae_#1.jpg,5055162,"{}",3,0,"{""name"":""circle"",""cx"":2172,""cy"":2005,""r"":403}","{}"
2018-06-29_MEA_50_A.oryzae_#1.jpg,5055162,"{}",3,1,"{""name"":""circle"",""cx"":1078,""cy"":1393,""r"":403}","{}"
2018-06-29_MEA_50_A.oryzae_#1.jpg,5055162,"{}",3,2,"{""name"":""circle"",""cx"":2092,""cy"":686,""r"":399}","{}"
2018-06-29_MEA_50_A.oryzae_#2.jpg,4337811,"{}",3,0,"{""name"":""circle"",""cx"":1396,""cy"":763,""r"":391}","{}"
2018-06-29_MEA_50_A.oryzae_#2.jpg,4337811,"{}",3,1,"{""name"":""circle"",""cx"":2608,""cy"":1125,""r"":412}","{}"
2018-06-29_MEA_50_A.oryzae_#2.jpg,4337811,"{}",3,2,"{""name"":""circle"",""cx"":1794,""cy"":2052.""r"":408}","{}"
2018-06-29_MEA_52.5_A.oryzae_#1.jpg,4784704,"{}",5,0,"{""name"":""circle"",""cx"":2424,""cy"":1824,""r"":349}","{}"
2018-06-29_MEA_52.5_A.oryzae_#1.jpg,4784704,"{}",5,1,"{""name"":""circle"",""cx"":2072,""cy"":2253,""r"":256}","{}"
2018-06-29_MEA_52.5_A.oryzae_#1.jpg,4784704,"{}",5,2,"{""name"":""ellipse"",""cx"":1172,""cy"":1537,""rx"":392,""ry"":462}","{}"
2018-06-29_MEA_52.5_A.oryzae_#1.jpg,4784704,"{}",5,3,"{""name"":""ellipse"",""cx"":2420,""cy"":666,""rx"":258,""ry"":315}","{}"
2018-06-29_MEA_52.5_A.oryzae_#1.jpg,4784704,"{}",5,4,"{""name"":""ellipse"",""cx"":1958,""cy"":663,""rx"":331,""ry"":372}","{}"
2018-06-29_MEA_52.5_A.oryzae_#2.jpg,4017050,"{}",5,0,"{""name"":""ellipse"",""cx"":2671,""cy"":880,""rx"":271,""ry"":274}","{}"
2018-06-29_MEA_52.5_A.oryzae_#2.jpg,4017050,"{}",5,1,"{""name"":""ellipse"",""cx"":1523,""cy"":643,""rx"":479,""ry"":341}","{}"
2018-06-29_MEA_52.5_A.oryzae_#2.jpg,4017050,"{}",5,2,"{""name"":""ellipse"",""cx"":1459,""cy"":1804,""rx"":405,""ry"":412}","{}"
2018-06-29_MEA_52.5_A.oryzae_#2.jpg,4017050,"{}",5,3,"{""name"":""ellipse"",""cx"":2658,""cy"":1399,""rx"":341,""ry"":308}","{}"
2018-06-29_MEA_52.5_A.oryzae_#2.jpg,4017050,"{}",5,4,"{""name"":""ellipse"",""cx"":2842,""cy"":1627,""rx"":214,""ry"":187}","{}"
2018-06-29_PDA_19.5_A.oryzae_#1.jpg,3905190,"{}",3,0,"{""name"":""ellipse"",""cx"":1356,""cy"":1342,""rx"":449,""ry"":445}","{}"
2018-06-29_PDA_19.5_A.oryzae_#1.jpg,3905190,"{}",3,1,"{""name"":""ellipse"",""cx"":2500,""cy"":1145,""rx"":445,""ry"":489}","{}"
2018-06-29_PDA_19.5_A.oryzae_#1.jpg,3905190,"{}",3,2,"{""name"":""ellipse"",""cx"":1992,""cy"":2270,""rx"":388,""ry"":392}","{}"
2018-06-29_PDA_19.5_A.oryzae_#2.jpg,4224121,"{}",3,0,"{""name"":""ellipse"",""cx"":1135,""cy"":1014,""rx"":449,""ry"":449}","{}"
2018-06-29_PDA_19.5_A.oryzae_#2.jpg,4224121,"{}",3,1,"{""name"":""ellipse"",""cx"":2497,""cy"":937,""rx"":412,""ry"":428}","{}"
2018-06-29_PDA_19.5_A.oryzae_#2.jpg,4224121,"{}",3,2,"{""name"":""ellipse"",""cx"":2246,""cy"":1788,""rx"":388,""ry"":449}","{}"
2018-06-29_PDA_39_A.oryzae_#1.jpg,3893785,"{}",7,0,"{""name"":""ellipse"",""cx"":1597,""cy"":2219,""rx"":285,""ry"":318}","{}"
2018-06-29_PDA_39_A.oryzae_#1.jpg,3893785,"{}",7,1,"{""name"":""ellipse"",""cx"":2262,""cy"":1971,""rx"":408,""ry"":442}","{}"
2018-06-29_PDA_39_A.oryzae_#1.jpg,3893785,"{}",7,2,"{""name"":""ellipse"",""cx"":1463,""cy"":1205,""rx"":385,""ry"":485}","{}"
2018-06-29_PDA_39_A.oryzae_#1.jpg,3893785,"{}",7,3,"{""name"":""ellipse"",""cx"":2558,""cy"":978,""rx"":372,""ry"":428}","{}"
2018-06-29_PDA_39_A.oryzae_#1.jpg,3893785,"{}",7,4,"{""name"":""ellipse"",""cx"":2223,""cy"":2460,""rx"":228,""ry"":114}","{}"
2018-06-29_PDA_39_A.oryzae_#1.jpg,3893785,"{}",7,5,"{""name"":""ellipse"",""cx"":1941,""cy"":937,""rx"":268,""ry"":345}","{}"
2018-06-29_PDA_39_A.oryzae_#1.jpg,3893785,"{}",7,6,"{""name"":""ellipse"",""cx"":2306,""cy"":793,""rx"":238,""ry"":335}","{}"
2018-06-29_PDA_39_A.oryzae_#2.jpg,3869501,"{}",6,0,"{""name"":""ellipse"",""cx"":2625,""cy"":1061,""rx"":418,""ry"":482}","{}"
2018-06-29_PDA_39_A.oryzae_#2.jpg,3869501,"{}",6,1,"{""name"":""ellipse"",""cx"":2059,""cy"":1955,""rx"":459,""ry"":485}","{}"
2018-06-29_PDA_39_A.oryzae_#2.jpg,3869501,"{}",6,2,"{""name"":""ellipse"",""cx"":1620,""cy"":947.""rx"":499,""ry"":462}","{}"
2018-06-29_PDA_39_A.oryzae_#2.jpg,3869501,"{}",6,3,"{""name"":""ellipse"",""cx"":3092,""cy"":1483,""rx"":194,""ry"":211}","{}"
2018-06-29_PDA_39_A.oryzae_#2.jpg,3869501,"{}",6,4,"{""name"":""ellipse"",""cx"":2722,""cy"":2086,""rx"":228,""ry"":221}","{}"
2018-06-29_PDA_39_A.oryzae_#2.jpg,3869501,"{}",6,5,"{""name"":""ellipse"",""cx"":3030,""cy"":1868,""rx"":164,""ry"":154}","{}"
2018-06-29_PDA_58.5_A.oryzae_#1.jpg,3855498,"{}",3,0,"{""name"":""ellipse"",""cx"":2725,""cy"":907,""rx"":519,""ry"":532}","{}"
2018-06-29_PDA_58.5_A.oryzae_#1.jpg,3855498,"{}",3,1,"{""name"":""ellipse"",""cx"":1607,""cy"":1091,""rx"":465,""ry"":515}","{}"
2018-06-29_PDA_58.5_A.oryzae_#1.jpg,3855498,"{}",3,2,"{""name"":""ellipse"",""cx"":2617,""cy"":1992,""rx"":526,""ry"":509}","{}"
2018-06-29_PDA_58.5_A.oryzae_#2.jpg,3792675,"{}",3,0,"{""name"":""ellipse"",""cx"":2728,""cy"":1885,""rx"":562,""ry"":536}","{}"
2018-06-29_PDA_58.5_A.oryzae_#2.jpg,3792675,"{}",3,1,"{""name"":""ellipse"",""cx"":1998,""cy"":890,""rx"":452.""ry"":485}","{}"
2018-06-29_PDA_58.5_A.oryzae_#2.jpg,3792675,"{}",3,2,"{""name"":""ellipse"",""cx"":1469,""cy"":1399,""rx"":435,""ry"":505}","{}"
2018-06-29_YPD_A.oryzae_#1.jpg,3665954,"{}",4,0,"{""name"":""ellipse"",""cx"":1841,""cy"":894,""rx"":562,""ry"":592}","{}"
2018-06-29_YPD_A.oryzae_#1.jpg,3665954,"{}",4,1,"{""name"":""ellipse"",""cx"":1694,""cy"":1848,""rx"":455,""ry"":462}","{}"
2018-06-29_YPD_A.oryzae_#1.jpg,3665954,"{}",4,2,"{""name"":""ellipse"",""cx"":2223,""cy"":2045,""rx"":425,""ry"":529}","{}"
2018-06-29_YPD_A.oryzae_#1.jpg,3665954,"{}",4,3,"{""name"":""ellipse"",""cx"":3043,""cy"":1610,""rx"":278,""ry"":358}","{}"
2018-06-29_YPD_A.oryzae_#2.jpg,3878607,"{}",5,0,"{""name"":""ellipse"",""cx"":1563,""cy"":1266,""rx"":515,""ry"":536}","{}"
2018-06-29_YPD_A.oryzae_#2.jpg,3878607,"{}",5,1,"{""name"":""ellipse"",""cx"":2427,""cy"":941,""rx"":495,""ry"":512}","{}"
2018-06-29_YPD_A.oryzae_#2.jpg,3878607,"{}",5,2,"{""name"":""ellipse"",""cx"":2969,""cy"":813,""rx"":328,""ry"":351}","{}"
2018-06-29_YPD_A.oryzae_#2.jpg,3878607,"{}",5,3,"{""name"":""ellipse"",""cx"":2614,""cy"":1941,""rx"":472,""ry"":489}","{}"
2018-06-29_YPD_A.oryzae_#2.jpg,3878607,"{}",5,4,"{""name"":""ellipse"",""cx"":3059,""cy"":1754,""rx"":295,""ry"":318}","{}"
2018-07-03_A.oryzae_28C_dark_#1.jpg,5015204,"{}",3,0,"{""name"":""ellipse"",""cx"":1419,""cy"":1245,""rx"":33,""ry"":54}","{}"
2018-07-03_A.oryzae_28C_dark_#1.jpg,5015204,"{}",3,1,"{""name"":""ellipse"",""cx"":2049,""cy"":656,""rx"":70,""ry"":44}","{}"
2018-07-03_A.oryzae_28C_dark_#1.jpg,5015204,"{}",3,2,"{""name"":""ellipse"",""cx"":2417,""cy"":1707,""rx"":54,""ry"":44}","{}"
2018-07-03_A.oryzae_28C_dark_#2.jpg,4860076,"{}",3,0,"{""name"":""ellipse"",""cx"":1600,""cy"":1279,""rx"":77,""ry"":87}","{}"
2018-07-03_A.oryzae_28C_dark_#2.jpg,4860076,"{}",3,1,"{""name"":""ellipse"",""cx"":2213,""cy"":700,""rx"":60,""ry"":54}","{}"
2018-07-03_A.oryzae_28C_dark_#2.jpg,4860076,"{}",3,2,"{""name"":""ellipse"",""cx"":2818,""cy"":1707,""rx"":110,""ry"":70}","{}"
2018-07-03_A.oryzae_30C_dark.jpg,4977911,"{}",3,0,"{""name"":""ellipse"",""cx"":2316,""cy"":827,""rx"":144,""ry"":90}","{}"
2018-07-03_A.oryzae_30C_dark.jpg,4977911,"{}",3,1,"{""name"":""ellipse"",""cx"":1564,""cy"":1634,""rx"":64,""ry"":80}","{}"
2018-07-03_A.oryzae_30C_dark.jpg,4977911,"{}",3,2,"{""name"":""ellipse"",""cx"":2413,""cy"":2136,""rx"":57,""ry"":70}","{}"
2018-07-03_P.ostreatus_25C_light.jpg,4925013,"{}",3,0,"{""name"":""ellipse"",""cx"":1456,""cy"":850,""rx"":54,""ry"":47}","{}"
2018-07-03_P.ostreatus_25C_light.jpg,4925013,"{}",3,1,"{""name"":""ellipse"",""cx"":1593,""cy"":2005,""rx"":47.""ry"":40}","{}"
2018-07-03_P.ostreatus_25C_light.jpg,4925013,"{}",3,2,"{""name"":""ellipse"",""cx"":2795,""cy"":1433,""rx"":50,""ry"":54}","{}"
2018-07-03_P.ostreatus_28C_dark_#1.jpg,4975496,"{}",3,0,"{""name"":""ellipse"",""cx"":1634,""cy"":823,""rx"":44,""ry"":44}","{}"
2018-07-03_P.ostreatus_28C_dark_#1.jpg,4975496,"{}",3,1,"{""name"":""ellipse"",""cx"":1292,""cy"":2022,""rx"":23,""ry"":40}","{}"
2018-07-03_P.ostreatus_28C_dark_#1.jpg,4975496,"{}",3,2,"{""name"":""ellipse"",""cx"":2507,""cy"":1617,""rx"":47.""ry"":27}","{}"
2018-07-03_P.ostreatus_28C_dark_#2.jpg,5025230,"{}",3,0,"{""name"":""ellipse"",""cx"":2146,""cy"":897,""rx"":44,""ry"":44}","{}"
2018-07-03_P.ostreatus_28C_dark_#2.jpg,5025230,"{}",3,1,"{""name"":""ellipse"",""cx"":1938,""cy"":1992,""rx"":47.""ry"":50}","{}"
2018-07-03_P.ostreatus_28C_dark_#2.jpg,5025230,"{}",3,2,"{""name"":""ellipse"",""cx"":1031,""cy"":1423,""rx"":64,""ry"":64}","{}"
2018-07-03_S.commune_30C_light_#1.jpg,4972910,"{}",3,0,"{""name"":""ellipse"",""cx"":1667,""cy"":1302,""rx"":90,""ry"":90}","{}"
2018-07-03_S.commune_30C_light_#1.jpg,4972910,"{}",3,1,"{""name"":""ellipse"",""cx"":2336,""cy"":877,""rx"":54,""ry"":40}","{}"
2018-07-03_S.commune_30C_light_#1.jpg,4972910,"{}",3,2,"{""name"":""ellipse"",""cx"":2517,""cy"":1808,""rx"":54,""ry"":37}","{}"
2018-07-03_S.commune_30C_light_#2.jpg,5069663,"{}",3,0,"{""name"":""ellipse"",""cx"":1416,""cy"":1399,""rx"":54,""ry"":50}","{}"
2018-07-03_S.commune_30C_light_#2.jpg,5069663,"{}",3,1,"{""name"":""ellipse"",""cx"":1948,""cy"":2079,""rx"":54,""ry"":60}","{}"
2018-07-03_S.commune_30C_light_#2.jpg,5069663,"{}",3,2,"{""name"":""ellipse"",""cx"":2507,""cy"":1121,""rx"":47.""ry"":60}","{}"
2018-07-03_S.commune_37C_light.jpg,5039705,"{}",3,0,"{""name"":""ellipse"",""cx"":1711,""cy"":1081,""rx"":67,""ry"":47}","{}"
2018-07-03_S.commune_37C_light.jpg,5039705,"{}",3,1,"{""name"":""ellipse"",""cx"":2497,""cy"":1148,""rx"":70,""ry"":54}","{}"
2018-07-03_S.commune_37C_light.jpg,5039705,"{}",3,2,"{""name"":""ellipse"",""cx"":1911,""cy"":1972,""rx"":97,""ry"":47}","{}"
2018-07-03_S.commune.DSC3_30C_light_#1.jpg,4962280,"{}",3,0,"{""name"":""ellipse"",""cx"":1597,""cy"":1232,""rx"":40,""ry"":37}","{}"
2018-07-03_S.commune.DSC3_30C_light_#1.jpg,4962280,"{}",3,1,"{""name"":""ellipse"",""cx"":2531,""cy"":1784,""rx"":54,""ry"":57}","{}"
2018-07-03_S.commune.DSC3_30C_light_#1.jpg,4962280,"{}",3,2,"{""name"":""ellipse"",""cx"":2788,""cy"":1004,""rx"":37,""ry"":50}","{}"
2018-07-03_S.commune.DSC3_30C_light_#2.jpg,4978747."{}",3,0,"{""name"":""ellipse"",""cx"":1921,""cy"":1573,""rx"":100,""ry"":110}","{}"
2018-07-03_S.commune.DSC3_30C_light_#2.jpg,4978747."{}",3,1,"{""name"":""ellipse"",""cx"":2765,""cy"":1794,""rx"":40,""ry"":50}","{}"
2018-07-03_S.commune.DSC3_30C_light_#2.jpg,4978747."{}",3,2,"{""name"":""ellipse"",""cx"":2590,""cy"":944,""rx"":57,""ry"":84}","{}"
2018-07-03_S.commune.DSC3_37C_light.jpg,5079082,"{}",3,0,"{""name"":""ellipse"",""cx"":1700,""cy"":1131,""rx"":64,""ry"":44}","{}"
2018-07-03_S.commune.DSC3_37C_light.jpg,5079082,"{}",3,1,"{""name"":""ellipse"",""cx"":2671,""cy"":1587,""rx"":77,""ry"":74}","{}"
2018-07-03_S.commune.DSC3_37C_light.jpg,5079082,"{}",3,2,"{""name"":""ellipse"",""cx"":2005,""cy"":2075,""rx"":47.""ry"":70}","{}"
2018-07-04_A.oryzae_28_dark_#1.jpg,3925535,"{}",3,0,"{""name"":""ellipse"",""cx"":2132,""cy"":880,""rx"":201,""ry"":194}","{}"
2018-07-04_A.oryzae_28_dark_#1.jpg,3925535,"{}",3,1,"{""name"":""ellipse"",""cx"":1687,""cy"":1908,""rx"":70,""ry"":30}","{}"
2018-07-04_A.oryzae_28_dark_#1.jpg,3925535,"{}",3,2,"{""name"":""ellipse"",""cx"":2534,""cy"":1918,""rx"":50,""ry"":27}","{}"
2018-07-04_A.oryzae_28_dark_#2.jpg,3963199,"{}",3,0,"{""name"":""ellipse"",""cx"":1841,""cy"":790,""rx"":241,""ry"":218}","{}"
2018-07-04_A.oryzae_28_dark_#2.jpg,3963199,"{}",3,1,"{""name"":""ellipse"",""cx"":2079,""cy"":2005,""rx"":258,""ry"":254}","{}"
2018-07-04_A.oryzae_28_dark_#2.jpg,3963199,"{}",3,2,"{""name"":""ellipse"",""cx"":2862,""cy"":1590,""rx"":258,""ry"":285}","{}"
2018-07-04_A.oryzae_30_dark.jpg,3880649,"{}",3,0,"{""name"":""ellipse"",""cx"":1724,""cy"":1751,""rx"":308,""ry"":325}","{}"
2018-07-04_A.oryzae_30_dark.jpg,3880649,"{}",3,1,"{""name"":""ellipse"",""cx"":2808,""cy"":1416,""rx"":261,""ry"":295}","{}"
2018-07-04_A.oryzae_30_dark.jpg,3880649,"{}",3,2,"{""name"":""ellipse"",""cx"":2243,""cy"":539,""rx"":44,""ry"":64}","{}"
2018-07-04_P.ostreatus_25_light.jpg,3731955,"{}",3,0,"{""name"":""ellipse"",""cx"":1620,""cy"":1560,""rx"":47.""ry"":47}","{}"
2018-07-04_P.ostreatus_25_light.jpg,3731955,"{}",3,1,"{""name"":""ellipse"",""cx"":2668,""cy"":746,""rx"":50,""ry"":60}","{}"
2018-07-04_P.ostreatus_25_light.jpg,3731955,"{}",3,2,"{""name"":""ellipse"",""cx"":3026,""cy"":1861,""rx"":54,""ry"":30}","{}"
2018-07-04_P.ostreatus_28_dark_#1.jpg,3717187,"{}",3,0,"{""name"":""ellipse"",""cx"":1761,""cy"":964,""rx"":47.""ry"":37}","{}"
2018-07-04_P.ostreatus_28_dark_#1.jpg,3717187,"{}",3,1,"{""name"":""ellipse"",""cx"":2972,""cy"":1152.""rx"":64,""ry"":57}","{}"
2018-07-04_P.ostreatus_28_dark_#1.jpg,3717187,"{}",3,2,"{""name"":""ellipse"",""cx"":2186,""cy"":2203,""rx"":30,""ry"":44}","{}"
2018-07-04_P.ostreatus_28_dark_#2.jpg,3877136,"{}",3,0,"{""name"":""ellipse"",""cx"":2782,""cy"":1165,""rx"":54,""ry"":50}","{}"
2018-07-04_P.ostreatus_28_dark_#2.jpg,3877136,"{}",3,1,"{""name"":""ellipse"",""cx"":2116,""cy"":2029,""rx"":33,""ry"":50}","{}"
2018-07-04_P.ostreatus_28_dark_#2.jpg,3877136,"{}",3,2,"{""name"":""ellipse"",""cx"":1557,""cy"":1115,""rx"":44,""ry"":44}","{}"
2018-07-04_S.commune.DSC3_30_light_#1.jpg,3898149,"{}",3,0,"{""name"":""ellipse"",""cx"":1992,""cy"":917,""rx"":40,""ry"":37}","{}"
2018-07-04_S.commune.DSC3_30_light_#1.jpg,3898149,"{}",3,1,"{""name"":""ellipse"",""cx"":1898,""cy"":2025,""rx"":70,""ry"":44}","{}"
2018-07-04_S.commune.DSC3_30_light_#1.jpg,3898149,"{}",3,2,"{""name"":""ellipse"",""cx"":2725,""cy"":1905,""rx"":107,""ry"":114}","{}"
2018-07-04_S.commune.DSC3_30_light_#2.jpg,3799874,"{}",3,0,"{""name"":""ellipse"",""cx"":2072,""cy"":1011,""rx"":124,""ry"":97}","{}"
2018-07-04_S.commune.DSC3_30_light_#2.jpg,3799874,"{}",3,1,"{""name"":""ellipse"",""cx"":1486,""cy"":1687,""rx"":67,""ry"":37}","{}"
2018-07-04_S.commune.DSC3_30_light_#2.jpg,3799874,"{}",3,2,"{""name"":""ellipse"",""cx"":2340,""cy"":1885,""rx"":54,""ry"":54}","{}"
2018-07-04_S.commune_30_light_#2.jpg,3843270,"{}",3,0,"{""name"":""ellipse"",""cx"":2092,""cy"":813,""rx"":57,""ry"":33}","{}"
2018-07-04_S.commune_30_light_#2.jpg,3843270,"{}",3,1,"{""name"":""ellipse"",""cx"":2829,""cy"":1634,""rx"":77,""ry"":67}","{}"
2018-07-04_S.commune_30_light_#2.jpg,3843270,"{}",3,2,"{""name"":""ellipse"",""cx"":2045,""cy"":1992,""rx"":90,""ry"":87}","{}"
2018-07-04_S.commune_30_light_#1.jpg,3883922,"{}",3,0,"{""name"":""ellipse"",""cx"":1751,""cy"":1215,""rx"":117,""ry"":77}","{}"
2018-07-04_S.commune_30_light_#1.jpg,3883922,"{}",3,1,"{""name"":""ellipse"",""cx"":2541,""cy"":1218,""rx"":70,""ry"":50}","{}"
2018-07-04_S.commune_30_light_#1.jpg,3883922,"{}",3,2,"{""name"":""ellipse"",""cx"":2156,""cy"":2106,""rx"":80,""ry"":37}","{}"
2018-07-04_S.commune_37_light.jpg,3877413,"{}",3,0,"{""name"":""ellipse"",""cx"":1875,""cy"":1048,""rx"":64,""ry"":70}","{}"
2018-07-04_S.commune_37_light.jpg,3877413,"{}",3,1,"{""name"":""ellipse"",""cx"":2808,""cy"":1466,""rx"":50,""ry"":94}","{}"
2018-07-04_S.commune_37_light.jpg,3877413,"{}",3,2,"{""name"":""ellipse"",""cx"":1901,""cy"":1848,""rx"":50,""ry"":64}","{}"
2018-07-05_A.oryzae_28C_dark_#1.jpg,5264801,"{}",3,0,"{""name"":""ellipse"",""cx"":1647.""cy"":1925,""rx"":442,""ry"":415}","{}"
2018-07-05_A.oryzae_28C_dark_#1.jpg,5264801,"{}",3,1,"{""name"":""ellipse"",""cx"":1433,""cy"":844,""rx"":74,""ry"":60}","{}"
2018-07-05_A.oryzae_28C_dark_#1.jpg,5264801,"{}",3,2,"{""name"":""ellipse"",""cx"":2276,""cy"":1031,""rx"":74,""ry"":67}","{}"
2018-07-05_A.oryzae_28C_dark_#2.jpg,4916339,"{}",3,0,"{""name"":""ellipse"",""cx"":2316,""cy"":833,""rx"":459,""ry"":432}","{}"
2018-07-05_A.oryzae_28C_dark_#2.jpg,4916339,"{}",3,1,"{""name"":""ellipse"",""cx"":1690,""cy"":1439,""rx"":485,""ry"":449}","{}"
2018-07-05_A.oryzae_28C_dark_#2.jpg,4916339,"{}",3,2,"{""name"":""ellipse"",""cx"":2926,""cy"":1885,""rx"":482,""ry"":469}","{}"
2018-07-05_A.oryzae_30C_dark.jpg,4957559,"{}",3,0,"{""name"":""ellipse"",""cx"":1827,""cy"":1339,""rx"":512,""ry"":502}","{}"
2018-07-05_A.oryzae_30C_dark.jpg,4957559,"{}",3,1,"{""name"":""ellipse"",""cx"":2882,""cy"":1721,""rx"":499,""ry"":489}","{}"
2018-07-05_A.oryzae_30C_dark.jpg,4957559,"{}",3,2,"{""name"":""ellipse"",""cx"":2986,""cy"":736,""rx"":67,""ry"":80}","{}"
2018-07-05_P.ostreatus_25C_light.jpg,5198225,"{}",3,0,"{""name"":""ellipse"",""cx"":1885,""cy"":1600,""rx"":87,""ry"":87}","{}"
2018-07-05_P.ostreatus_25C_light.jpg,5198225,"{}",3,1,"{""name"":""ellipse"",""cx"":2246,""cy"":522,""rx"":70,""ry"":67}","{}"
2018-07-05_P.ostreatus_25C_light.jpg,5198225,"{}",3,2,"{""name"":""ellipse"",""cx"":3167,""cy"":1590,""rx"":80,""ry"":50}","{}"
2018-07-05_P.ostreatus_28C_dark_#1.jpg,5024961,"{}",3,0,"{""name"":""ellipse"",""cx"":2337,""cy"":753,""rx"":47.""ry"":37}","{}"
2018-07-05_P.ostreatus_28C_dark_#1.jpg,5024961,"{}",3,1,"{""name"":""ellipse"",""cx"":2029,""cy"":1952.""rx"":64,""ry"":57}","{}"
2018-07-05_P.ostreatus_28C_dark_#1.jpg,5024961,"{}",3,2,"{""name"":""ellipse"",""cx"":3203,""cy"":1473,""rx"":40,""ry"":64}","{}"
2018-07-05_P.ostreatus_28C_dark_#2.jpg,5434898,"{}",3,0,"{""name"":""ellipse"",""cx"":2377,""cy"":907,""rx"":40,""ry"":47}","{}"
2018-07-05_P.ostreatus_28C_dark_#2.jpg,5434898,"{}",3,1,"{""name"":""ellipse"",""cx"":3388,""cy"":1252.""rx"":50,""ry"":64}","{}"
2018-07-05_P.ostreatus_28C_dark_#2.jpg,5434898,"{}",3,2,"{""name"":""ellipse"",""cx"":2427,""cy"":1998,""rx"":40,""ry"":54}","{}"
2018-07-05_S.commune_30C_light_#1.jpg,5608688,"{}",3,0,"{""name"":""ellipse"",""cx"":2417,""cy"":857,""rx"":174,""ry"":104}","{}"
2018-07-05_S.commune_30C_light_#1.jpg,5608688,"{}",3,1,"{""name"":""ellipse"",""cx"":2249,""cy"":1777,""rx"":57,""ry"":50}","{}"
2018-07-05_S.commune_30C_light_#1.jpg,5608688,"{}",3,2,"{""name"":""ellipse"",""cx"":3003,""cy"":1617,""rx"":184,""ry"":54}","{}"
2018-07-05_S.commune_30C_light_#2.jpg,5552328,"{}",3,0,"{""name"":""ellipse"",""cx"":2216,""cy"":1064,""rx"":161,""ry"":121}","{}"
2018-07-05_S.commune_30C_light_#2.jpg,5552328,"{}",3,1,"{""name"":""ellipse"",""cx"":2598,""cy"":2159,""rx"":248,""ry"":224}","{}"
2018-07-05_S.commune_30C_light_#2.jpg,5552328,"{}",3,2,"{""name"":""ellipse"",""cx"":3113,""cy"":1533,""rx"":80,""ry"":54}","{}"
2018-07-05_S.commune_37C_light_#1.jpg,5069475,"{}",3,0,"{""name"":""ellipse"",""cx"":1848,""cy"":994,""rx"":131,""ry"":124}","{}"
2018-07-05_S.commune_37C_light_#1.jpg,5069475,"{}",3,1,"{""name"":""ellipse"",""cx"":2728,""cy"":1014,""rx"":44,""ry"":94}","{}"
2018-07-05_S.commune_37C_light_#1.jpg,5069475,"{}",3,2,"{""name"":""ellipse"",""cx"":2470,""cy"":1744,""rx"":80,""ry"":77}","{}"
2018-07-05_S.commune.DSC3_30C_light_#1.jpg,5329473,"{}",3,0,"{""name"":""ellipse"",""cx"":2742,""cy"":633,""rx"":278,""ry"":248}","{}"
2018-07-05_S.commune.DSC3_30C_light_#1.jpg,5329473,"{}",3,1,"{""name"":""ellipse"",""cx"":3344,""cy"":1208,""rx"":244,""ry"":238}","{}"
2018-07-05_S.commune.DSC3_30C_light_#1.jpg,5329473,"{}",3,2,"{""name"":""ellipse"",""cx"":2490,""cy"":1861,""rx"":211,""ry"":218}","{}"
2018-07-05_S.commune.DSC3_30C_light_#2.jpg,5284204,"{}",3,0,"{""name"":""ellipse"",""cx"":2323,""cy"":1068,""rx"":110,""ry"":90}","{}"
2018-07-05_S.commune.DSC3_30C_light_#2.jpg,5284204,"{}",3,1,"{""name"":""ellipse"",""cx"":3123,""cy"":1540,""rx"":171,""ry"":161}","{}"
2018-07-05_S.commune.DSC3_30C_light_#2.jpg,5284204,"{}",3,2,"{""name"":""ellipse"",""cx"":2347.""cy"":1958,""rx"":231,""ry"":201}","{}"
2018-07-05_S.commune.DSC3_37C_light.jpg,5659637,"{}",3,0,"{""name"":""ellipse"",""cx"":2728,""cy"":1118,""rx"":171,""ry"":144}","{}"
2018-07-05_S.commune.DSC3_37C_light.jpg,5659637,"{}",3,1,"{""name"":""ellipse"",""cx"":1881,""cy"":1727,""rx"":224,""ry"":164}","{}"
2018-07-05_S.commune.DSC3_37C_light.jpg,5659637,"{}",3,2,"{""name"":""ellipse"",""cx"":2601,""cy"":2206,""rx"":154,""ry"":164}","{}"
